"Facility ID","Facility Name","MSA","MSA Title","HCAHPS HLMR","HCAHPS HLMR Percentile","HCAHPS Start Date","HCAHPS End Date","HCAHPS Footnote","COMP-HIP-KNEE","COMP-HIP-KNEE Percentile","COMP Start Date","COMP End Date","COMP Footnote","PRO","PRO Start Date","PRO End Date","Reconciliation Footnote"
010023,BAPTIST MEDICAL CENTER SOUTH,33860,"Montgomery, AL",84,48%,07/01/2022,06/30/2023,,3.79573,27%,04/01/2020,03/31/2023,,N,07/01/2022,06/30/2023,
040026,CHI ST. VINCENT HOSPITAL HOT SPRINGS,26300,"Hot Springs, AR",83.75,45%,07/01/2022,06/30/2023,,3.07084,73%,04/01/2020,03/31/2023,,N,07/01/2022,06/30/2023,
040078,NATIONAL PARK MEDICAL CENTER,26300,"Hot Springs, AR",79.13,9%,07/01/2022,06/30/2023,,3.90251,23%,04/01/2020,03/31/2023,,N,07/01/2022,06/30/2023,*
050056,ANTELOPE VALLEY HOSPITAL,31080,"Los Angeles-Long Beach-Anaheim, CA",78.19,5%,07/01/2022,06/30/2023,,3.70497,32%,04/01/2020,03/31/2023,,N,07/01/2022,06/30/2023,
050069,PROVIDENCE ST JOSEPH HOSPITAL,31080,"Los Angeles-Long Beach-Anaheim, CA",85.25,66%,07/01/2022,06/30/2023,,N/A,N/A,04/01/2020,03/31/2023,1,N,07/01/2022,06/30/2023,
050078,PROVIDENCE LITTLE CO OF MARY MED CTR SAN PEDRO,31080,"Los Angeles-Long Beach-Anaheim, CA",85.38,68%,07/01/2022,06/30/2023,,N/A,N/A,04/01/2020,03/31/2023,1,N,07/01/2022,06/30/2023,
050096,WEST COVINA MEDICAL CENTER,31080,"Los Angeles-Long Beach-Anaheim, CA",N/A,N/A,07/01/2022,06/30/2023,***,N/A,N/A,04/01/2020,03/31/2023,,N,07/01/2022,06/30/2023,
050104,SAINT FRANCIS MEDICAL CENTER,31080,"Los Angeles-Long Beach-Anaheim, CA",79,9%,07/01/2022,06/30/2023,,N/A,N/A,04/01/2020,03/31/2023,1,N,07/01/2022,06/30/2023,
050116,NORTHRIDGE HOSPITAL MEDICAL CENTER,31080,"Los Angeles-Long Beach-Anaheim, CA",82.63,33%,07/01/2022,06/30/2023,,3.36165,53%,04/01/2020,03/31/2023,,N,07/01/2022,06/30/2023,
050124,USC VERDUGO HILLS HOSPITAL,31080,"Los Angeles-Long Beach-Anaheim, CA",82.81,34%,07/01/2022,06/30/2023,,4.15706,14%,04/01/2020,03/31/2023,,N,07/01/2022,06/30/2023,*
050126,VALLEY PRESBYTERIAN HOSPITAL,31080,"Los Angeles-Long Beach-Anaheim, CA",81,18%,07/01/2022,06/30/2023,,3.1975,64%,04/01/2020,03/31/2023,,N,07/01/2022,06/30/2023,
050132,SAN GABRIEL VALLEY MEDICAL CENTER,31080,"Los Angeles-Long Beach-Anaheim, CA",84.81,59%,07/01/2022,06/30/2023,,3.30011,58%,04/01/2020,03/31/2023,,N,07/01/2022,06/30/2023,
050135,SOUTHERN CALIFORNIA HOSPITAL AT HOLLYWOOD,31080,"Los Angeles-Long Beach-Anaheim, CA",69.75,0%,07/01/2022,06/30/2023,,N/A,N/A,04/01/2020,03/31/2023,1,N,07/01/2022,06/30/2023,
050168,PROVIDENCE ST JUDE MEDICAL CENTER,31080,"Los Angeles-Long Beach-Anaheim, CA",84.75,58%,07/01/2022,06/30/2023,,N/A,N/A,04/01/2020,03/31/2023,1,N,07/01/2022,06/30/2023,
050169,PIH HEALTH HOSPITAL-WHITTIER,31080,"Los Angeles-Long Beach-Anaheim, CA",85.81,73%,07/01/2022,06/30/2023,,3.45472,46%,04/01/2020,03/31/2023,,N,07/01/2022,06/30/2023,
050191,ST MARY MEDICAL CENTER,31080,"Los Angeles-Long Beach-Anaheim, CA",82.19,28%,07/01/2022,06/30/2023,,N/A,N/A,04/01/2020,03/31/2023,5,N,07/01/2022,06/30/2023,
050204,PALMDALE REGIONAL MEDICAL CENTER,31080,"Los Angeles-Long Beach-Anaheim, CA",80.69,16%,07/01/2022,06/30/2023,,4.06057,17%,04/01/2020,03/31/2023,,N,07/01/2022,06/30/2023,*
050224,HOAG MEMORIAL HOSPITAL PRESBYTERIAN,31080,"Los Angeles-Long Beach-Anaheim, CA",85.44,68%,07/01/2022,06/30/2023,,N/A,N/A,04/01/2020,03/31/2023,5,N,07/01/2022,06/30/2023,
050226,AHMC ANAHEIM REGIONAL MEDICAL CENTER,31080,"Los Angeles-Long Beach-Anaheim, CA",80.5,15%,07/01/2022,06/30/2023,,N/A,N/A,04/01/2020,03/31/2023,1,N,07/01/2022,06/30/2023,
050230,GARDEN GROVE HOSPITAL & MEDICAL CENTER,31080,"Los Angeles-Long Beach-Anaheim, CA",75.25,2%,07/01/2022,06/30/2023,,N/A,N/A,04/01/2020,03/31/2023,1,N,07/01/2022,06/30/2023,
050231,POMONA VALLEY HOSPITAL MEDICAL CENTER,31080,"Los Angeles-Long Beach-Anaheim, CA",82.69,33%,07/01/2022,06/30/2023,,3.12524,70%,04/01/2020,03/31/2023,,N,07/01/2022,06/30/2023,
050238,METHODIST HOSPITAL OF SOUTHERN CA,31080,"Los Angeles-Long Beach-Anaheim, CA",80.31,14%,07/01/2022,06/30/2023,,3.68372,34%,04/01/2020,03/31/2023,,N,07/01/2022,06/30/2023,
050281,ALHAMBRA HOSPITAL MEDICAL CENTER,31080,"Los Angeles-Long Beach-Anaheim, CA",83.25,39%,07/01/2022,06/30/2023,,N/A,N/A,04/01/2020,03/31/2023,1,N,07/01/2022,06/30/2023,
050350,ADVENTIST HEALTH WHITE MEMORIAL MONTEBELLO,31080,"Los Angeles-Long Beach-Anaheim, CA",80.69,16%,07/01/2022,06/30/2023,,3.09161,72%,04/01/2020,03/31/2023,,N,07/01/2022,06/30/2023,
050351,TORRANCE MEMORIAL MEDICAL CENTER,31080,"Los Angeles-Long Beach-Anaheim, CA",86,75%,07/01/2022,06/30/2023,,1.61941,100%,04/01/2020,03/31/2023,,N,07/01/2022,06/30/2023,
050353,PROVIDENCE LITTLE COMPANY OF MARY MEDICAL CENTER TORRANCE,31080,"Los Angeles-Long Beach-Anaheim, CA",82.13,27%,07/01/2022,06/30/2023,,2.85301,85%,04/01/2020,03/31/2023,,N,07/01/2022,06/30/2023,
050376,LAC/HARBOR-UCLA MED CENTER,31080,"Los Angeles-Long Beach-Anaheim, CA",80.13,13%,07/01/2022,06/30/2023,,N/A,N/A,04/01/2020,03/31/2023,1,N,07/01/2022,06/30/2023,
050382,EMANATE HEALTH INTER-COMMUNITY HOSPITAL,31080,"Los Angeles-Long Beach-Anaheim, CA",80.56,15%,07/01/2022,06/30/2023,,3.03501,75%,04/01/2020,03/31/2023,,N,07/01/2022,06/30/2023,
050393,PIH HOSPITAL - DOWNEY,31080,"Los Angeles-Long Beach-Anaheim, CA",83.81,46%,07/01/2022,06/30/2023,,3.36148,53%,04/01/2020,03/31/2023,,N,07/01/2022,06/30/2023,
050426,WEST ANAHEIM MEDICAL CENTER,31080,"Los Angeles-Long Beach-Anaheim, CA",77.63,4%,07/01/2022,06/30/2023,,N/A,N/A,04/01/2020,03/31/2023,1,N,07/01/2022,06/30/2023,
050471,GOOD SAMARITAN HOSPITAL,31080,"Los Angeles-Long Beach-Anaheim, CA",79.94,12%,07/01/2022,06/30/2023,,3.45701,46%,04/01/2020,03/31/2023,,N,07/01/2022,06/30/2023,
050481,WEST HILLS HOSPITAL & MEDICAL CENTER,31080,"Los Angeles-Long Beach-Anaheim, CA",79,9%,07/01/2022,06/30/2023,,3.14834,69%,04/01/2020,03/31/2023,,N,07/01/2022,06/30/2023,
050485,LONG BEACH MEMORIAL MEDICAL CENTER,31080,"Los Angeles-Long Beach-Anaheim, CA",82.88,35%,07/01/2022,06/30/2023,,4.32763,10%,04/01/2020,03/31/2023,,N,07/01/2022,06/30/2023,*
050526,HUNTINGTON BEACH HOSPITAL,31080,"Los Angeles-Long Beach-Anaheim, CA",74.88,1%,07/01/2022,06/30/2023,,N/A,N/A,04/01/2020,03/31/2023,5,N,07/01/2022,06/30/2023,
050551,LOS ALAMITOS MEDICAL CENTER,31080,"Los Angeles-Long Beach-Anaheim, CA",76.94,3%,07/01/2022,06/30/2023,,N/A,N/A,04/01/2020,03/31/2023,1,N,07/01/2022,06/30/2023,
050570,FOUNTAIN VALLEY REGIONAL HOSPITAL & MEDICAL CENTER,31080,"Los Angeles-Long Beach-Anaheim, CA",76.88,3%,07/01/2022,06/30/2023,,3.06621,74%,04/01/2020,03/31/2023,,N,07/01/2022,06/30/2023,
050580,LA PALMA INTERCOMMUNITY HOSPITAL,31080,"Los Angeles-Long Beach-Anaheim, CA",80.13,13%,07/01/2022,06/30/2023,,N/A,N/A,04/01/2020,03/31/2023,1,N,07/01/2022,06/30/2023,
050581,LAKEWOOD REGIONAL MEDICAL CENTER,31080,"Los Angeles-Long Beach-Anaheim, CA",77.81,4%,07/01/2022,06/30/2023,,N/A,N/A,04/01/2020,03/31/2023,1,N,07/01/2022,06/30/2023,
050588,SAN DIMAS COMMUNITY HOSPITAL,31080,"Los Angeles-Long Beach-Anaheim, CA",74.19,1%,07/01/2022,06/30/2023,,N/A,N/A,04/01/2020,03/31/2023,1,N,07/01/2022,06/30/2023,
050589,PLACENTIA LINDA HOSPITAL,31080,"Los Angeles-Long Beach-Anaheim, CA",80.38,14%,07/01/2022,06/30/2023,,N/A,N/A,04/01/2020,03/31/2023,1,N,07/01/2022,06/30/2023,
050597,EMANATE HEALTH FOOTHILL PRESBYTERIAN HOSPITAL,31080,"Los Angeles-Long Beach-Anaheim, CA",81.56,22%,07/01/2022,06/30/2023,,N/A,N/A,04/01/2020,03/31/2023,1,N,07/01/2022,06/30/2023,
050603,MEMORIALCARE SADDLEBACK MEDICAL CENTER,31080,"Los Angeles-Long Beach-Anaheim, CA",83.44,41%,07/01/2022,06/30/2023,,N/A,N/A,04/01/2020,03/31/2023,1,N,07/01/2022,06/30/2023,
050624,HENRY MAYO NEWHALL  HOSPITAL,31080,"Los Angeles-Long Beach-Anaheim, CA",82.88,35%,07/01/2022,06/30/2023,,N/A,N/A,04/01/2020,03/31/2023,1,N,07/01/2022,06/30/2023,
050663,LOS ANGELES COMMUNITY HOSPITAL,31080,"Los Angeles-Long Beach-Anaheim, CA",69.69,0%,07/01/2022,06/30/2023,,N/A,N/A,04/01/2020,03/31/2023,1,N,07/01/2022,06/30/2023,
050678,MEMORIALCARE ORANGE COAST MEDICAL CENTER,31080,"Los Angeles-Long Beach-Anaheim, CA",83.44,41%,07/01/2022,06/30/2023,,N/A,N/A,04/01/2020,03/31/2023,1,N,07/01/2022,06/30/2023,
050696,KECK HOSPITAL OF USC,31080,"Los Angeles-Long Beach-Anaheim, CA",86.75,83%,07/01/2022,06/30/2023,,2.41707,96%,04/01/2020,03/31/2023,,N,07/01/2022,06/30/2023,
050704,MISSION COMMUNITY HOSPITAL,31080,"Los Angeles-Long Beach-Anaheim, CA",76.5,3%,07/01/2022,06/30/2023,,3.69797,33%,04/01/2020,03/31/2023,,N,07/01/2022,06/30/2023,
050717,LAC/RANCHO LOS AMIGOS NATIONAL REHABILITATION  CENTER,31080,"Los Angeles-Long Beach-Anaheim, CA",88.13,91%,07/01/2022,06/30/2023,,N/A,N/A,04/01/2020,03/31/2023,1,N,07/01/2022,06/30/2023,
050735,WHITTIER HOSPITAL MEDICAL CENTER,31080,"Los Angeles-Long Beach-Anaheim, CA",80.19,13%,07/01/2022,06/30/2023,,N/A,N/A,04/01/2020,03/31/2023,1,N,07/01/2022,06/30/2023,
050736,MONTEREY PARK HOSPITAL,31080,"Los Angeles-Long Beach-Anaheim, CA",81.06,18%,07/01/2022,06/30/2023,,N/A,N/A,04/01/2020,03/31/2023,1,N,07/01/2022,06/30/2023,
050737,GARFIELD MEDICAL CENTER,31080,"Los Angeles-Long Beach-Anaheim, CA",81.19,19%,07/01/2022,06/30/2023,,N/A,N/A,04/01/2020,03/31/2023,1,N,07/01/2022,06/30/2023,
050739,CENTINELA HOSPITAL MEDICAL CENTER,31080,"Los Angeles-Long Beach-Anaheim, CA",76.5,3%,07/01/2022,06/30/2023,,N/A,N/A,04/01/2020,03/31/2023,1,N,07/01/2022,06/30/2023,
050740,CEDAR-SINAI MARINA DEL REY HOSPITAL,31080,"Los Angeles-Long Beach-Anaheim, CA",82,26%,07/01/2022,06/30/2023,,4.92494,3%,04/01/2020,03/31/2023,,N,07/01/2022,06/30/2023,*
050745,CHAPMAN GLOBAL MEDICAL CENTER,31080,"Los Angeles-Long Beach-Anaheim, CA",74.63,1%,07/01/2022,06/30/2023,,2.72594,90%,04/01/2020,03/31/2023,,N,07/01/2022,06/30/2023,
050746,ORANGE COUNTY GLOBAL MEDICAL CENTER,31080,"Los Angeles-Long Beach-Anaheim, CA",79.81,11%,07/01/2022,06/30/2023,,N/A,N/A,04/01/2020,03/31/2023,1,N,07/01/2022,06/30/2023,
050755,SHERMAN OAKS HOSPITAL,31080,"Los Angeles-Long Beach-Anaheim, CA",75.06,2%,07/01/2022,06/30/2023,,3.05792,74%,04/01/2020,03/31/2023,,N,07/01/2022,06/30/2023,
050763,"L A DOWNTOWN MEDICAL CENTER, LLC",31080,"Los Angeles-Long Beach-Anaheim, CA",N/A,N/A,07/01/2022,06/30/2023,***,N/A,N/A,04/01/2020,03/31/2023,1,N,07/01/2022,06/30/2023,
050769,HOAG ORTHOPEDIC INSTITUTE,31080,"Los Angeles-Long Beach-Anaheim, CA",89.25,95%,07/01/2022,06/30/2023,,3.19515,64%,04/01/2020,03/31/2023,,N,07/01/2022,06/30/2023,
070005,WATERBURY HOSPITAL,35300,"New Haven-Milford, CT",80.19,13%,07/01/2022,06/30/2023,,N/A,N/A,04/01/2020,03/31/2023,1,N,07/01/2022,06/30/2023,
070016,SAINT MARY'S HOSPITAL,35300,"New Haven-Milford, CT",81.13,19%,07/01/2022,06/30/2023,,N/A,N/A,04/01/2020,03/31/2023,1,N,07/01/2022,06/30/2023,
070017,MIDSTATE MEDICAL CENTER,35300,"New Haven-Milford, CT",85.81,73%,07/01/2022,06/30/2023,,3.794,28%,04/01/2020,03/31/2023,,N,07/01/2022,06/30/2023,
070031,GRIFFIN HOSPITAL,35300,"New Haven-Milford, CT",83.75,45%,07/01/2022,06/30/2023,,4.0081,19%,04/01/2020,03/31/2023,,N,07/01/2022,06/30/2023,
100002,BETHESDA HOSPITAL EAST,33100,"Miami-Fort Lauderdale-West Palm Beach, FL",78.19,5%,07/01/2022,06/30/2023,,3.77327,29%,04/01/2020,03/31/2023,,N,07/01/2022,06/30/2023,*
100006,ORLANDO HEALTH ORLANDO REGIONAL MEDICAL CENTER,36740,"Orlando-Kissimmee-Sanford, FL",82.25,29%,07/01/2022,06/30/2023,,3.23228,62%,04/01/2020,03/31/2023,,N,07/01/2022,06/30/2023,
100008,BAPTIST HOSPITAL OF MIAMI,33100,"Miami-Fort Lauderdale-West Palm Beach, FL",83.31,40%,07/01/2022,06/30/2023,,N/A,N/A,04/01/2020,03/31/2023,1,N,07/01/2022,06/30/2023,
100029,STEWARD NORTH SHORE MEDICAL CENTER,33100,"Miami-Fort Lauderdale-West Palm Beach, FL",71.75,0%,07/01/2022,06/30/2023,,3.5325,41%,04/01/2020,03/31/2023,,N,07/01/2022,06/30/2023,
100030,ORLANDO HEALTH-HEALTH CENTRAL HOSPITAL,36740,"Orlando-Kissimmee-Sanford, FL",82.38,30%,07/01/2022,06/30/2023,,3.52059,42%,04/01/2020,03/31/2023,,N,07/01/2022,06/30/2023,
100034,MOUNT SINAI MEDICAL CENTER,33100,"Miami-Fort Lauderdale-West Palm Beach, FL",80.13,13%,07/01/2022,06/30/2023,,3.14031,69%,04/01/2020,03/31/2023,,N,07/01/2022,06/30/2023,
100039,BROWARD HEALTH MEDICAL CENTER,33100,"Miami-Fort Lauderdale-West Palm Beach, FL",78,5%,07/01/2022,06/30/2023,,N/A,N/A,04/01/2020,03/31/2023,1,N,07/01/2022,06/30/2023,
100043,MEASE DUNEDIN HOSPITAL,45300,"Tampa-St. Petersburg-Clearwater, FL",87.63,89%,07/01/2022,06/30/2023,,2.84897,85%,04/01/2020,03/31/2023,,N,07/01/2022,06/30/2023,
100044,CLEVELAND CLINIC MARTIN NORTH HOSPITAL,38940,"Port St. Lucie, FL",78.31,6%,07/01/2022,06/30/2023,,5.26693,1%,04/01/2020,03/31/2023,,N,07/01/2022,06/30/2023,*
100046,ADVENTHEALTH ZEPHYRHILLS,45300,"Tampa-St. Petersburg-Clearwater, FL",83.44,41%,07/01/2022,06/30/2023,,3.34815,55%,04/01/2020,03/31/2023,,N,07/01/2022,06/30/2023,
100050,LARKIN COMMUNITY HOSPITAL PALM SPRINGS CAMPUS,33100,"Miami-Fort Lauderdale-West Palm Beach, FL",83.19,38%,07/01/2022,06/30/2023,,N/A,N/A,04/01/2020,03/31/2023,5,N,07/01/2022,06/30/2023,
100051,ORLANDO HEALTH SOUTH LAKE HOSPITAL,36740,"Orlando-Kissimmee-Sanford, FL",83.5,42%,07/01/2022,06/30/2023,,5.2006,2%,04/01/2020,03/31/2023,,N,07/01/2022,06/30/2023,
100053,STEWARD HIALEAH HOSPITAL,33100,"Miami-Fort Lauderdale-West Palm Beach, FL",80.06,13%,07/01/2022,06/30/2023,,N/A,N/A,04/01/2020,03/31/2023,1,N,07/01/2022,06/30/2023,
100055,ADVENTHEALTH NORTH PINELLAS,45300,"Tampa-St. Petersburg-Clearwater, FL",83.88,47%,07/01/2022,06/30/2023,,N/A,N/A,04/01/2020,03/31/2023,1,N,07/01/2022,06/30/2023,
100057,ADVENTHEALTH WATERMAN,36740,"Orlando-Kissimmee-Sanford, FL",83.5,42%,07/01/2022,06/30/2023,,2.67731,92%,04/01/2020,03/31/2023,,N,07/01/2022,06/30/2023,
100063,MORTON PLANT NORTH BAY HOSPITAL,45300,"Tampa-St. Petersburg-Clearwater, FL",86.13,77%,07/01/2022,06/30/2023,,N/A,N/A,04/01/2020,03/31/2023,1,N,07/01/2022,06/30/2023,
100069,ADVENTHEALTH CARROLLWOOD,45300,"Tampa-St. Petersburg-Clearwater, FL",83.63,44%,07/01/2022,06/30/2023,,3.71848,31%,04/01/2020,03/31/2023,,N,07/01/2022,06/30/2023,
100071,BRAVERA HEALTH BROOKSVILLE,45300,"Tampa-St. Petersburg-Clearwater, FL",78.63,7%,07/01/2022,06/30/2023,,N/A,N/A,04/01/2020,03/31/2023,1,N,07/01/2022,06/30/2023,
100073,HOLY CROSS HOSPITAL,33100,"Miami-Fort Lauderdale-West Palm Beach, FL",78.56,7%,07/01/2022,06/30/2023,,2.57348,94%,04/01/2020,03/31/2023,,N,07/01/2022,06/30/2023,
100075,ST JOSEPHS HOSPITAL,45300,"Tampa-St. Petersburg-Clearwater, FL",85.25,66%,07/01/2022,06/30/2023,,N/A,N/A,04/01/2020,03/31/2023,1,N,07/01/2022,06/30/2023,
100080,HCA FLORIDA JFK HOSPITAL,33100,"Miami-Fort Lauderdale-West Palm Beach, FL",75.88,2%,07/01/2022,06/30/2023,,3.55893,40%,04/01/2020,03/31/2023,,N,07/01/2022,06/30/2023,
100084,UF HEALTH LEESBURG HOSPITAL,36740,"Orlando-Kissimmee-Sanford, FL",80.5,15%,07/01/2022,06/30/2023,,4.00558,20%,04/01/2020,03/31/2023,,N,07/01/2022,06/30/2023,*
100110,HCA FLORIDA OSCEOLA HOSPITAL,36740,"Orlando-Kissimmee-Sanford, FL",77.81,4%,07/01/2022,06/30/2023,,N/A,N/A,04/01/2020,03/31/2023,1,N,07/01/2022,06/30/2023,
100125,HOMESTEAD HOSPITAL,33100,"Miami-Fort Lauderdale-West Palm Beach, FL",85.5,69%,07/01/2022,06/30/2023,,N/A,N/A,04/01/2020,03/31/2023,1,N,07/01/2022,06/30/2023,
100126,HCA FLORIDA PASADENA HOSPITAL,45300,"Tampa-St. Petersburg-Clearwater, FL",80.5,15%,07/01/2022,06/30/2023,,3.05929,74%,04/01/2020,03/31/2023,,N,07/01/2022,06/30/2023,
100127,MORTON PLANT HOSPITAL,45300,"Tampa-St. Petersburg-Clearwater, FL",85.94,74%,07/01/2022,06/30/2023,,3.07962,73%,04/01/2020,03/31/2023,,N,07/01/2022,06/30/2023,
100131,HCA FLORIDA AVENTURA HOSPITAL,33100,"Miami-Fort Lauderdale-West Palm Beach, FL",79.69,11%,07/01/2022,06/30/2023,,3.39689,50%,04/01/2020,03/31/2023,,N,07/01/2022,06/30/2023,
100132,SOUTH FLORIDA BAPTIST HOSPITAL,45300,"Tampa-St. Petersburg-Clearwater, FL",84.88,60%,07/01/2022,06/30/2023,,N/A,N/A,04/01/2020,03/31/2023,5,N,07/01/2022,06/30/2023,
100154,SOUTH MIAMI HOSPITAL,33100,"Miami-Fort Lauderdale-West Palm Beach, FL",85,62%,07/01/2022,06/30/2023,,N/A,N/A,04/01/2020,03/31/2023,1,N,07/01/2022,06/30/2023,
100161,HCA FLORIDA LAKE MONROE HOSPITAL,36740,"Orlando-Kissimmee-Sanford, FL",79.44,10%,07/01/2022,06/30/2023,,3.32872,56%,04/01/2020,03/31/2023,,N,07/01/2022,06/30/2023,
100167,HCA FLORIDA MERCY HOSPITAL,33100,"Miami-Fort Lauderdale-West Palm Beach, FL",80.69,16%,07/01/2022,06/30/2023,,3.70206,33%,04/01/2020,03/31/2023,,N,07/01/2022,06/30/2023,
100168,BOCA RATON REGIONAL HOSPITAL,33100,"Miami-Fort Lauderdale-West Palm Beach, FL",78.38,6%,07/01/2022,06/30/2023,,4.22667,12%,04/01/2020,03/31/2023,,N,07/01/2022,06/30/2023,*
100173,ADVENTHEALTH TAMPA,45300,"Tampa-St. Petersburg-Clearwater, FL",82.69,33%,07/01/2022,06/30/2023,,3.37713,52%,04/01/2020,03/31/2023,,N,07/01/2022,06/30/2023,
100176,PALM BEACH GARDENS MEDICAL CENTER,33100,"Miami-Fort Lauderdale-West Palm Beach, FL",74.5,1%,07/01/2022,06/30/2023,,4.34913,9%,04/01/2020,03/31/2023,,N,07/01/2022,06/30/2023,*
100180,HCA FLORIDA ST PETERSBURG HOSPITAL,45300,"Tampa-St. Petersburg-Clearwater, FL",78.81,8%,07/01/2022,06/30/2023,,N/A,N/A,04/01/2020,03/31/2023,1,N,07/01/2022,06/30/2023,
100181,LARKIN COMMUNITY HOSPITAL,33100,"Miami-Fort Lauderdale-West Palm Beach, FL",N/A,N/A,07/01/2022,06/30/2023,***,N/A,N/A,04/01/2020,03/31/2023,1,N,07/01/2022,06/30/2023,
100183,STEWARD CORAL GABLES HOSPITAL,33100,"Miami-Fort Lauderdale-West Palm Beach, FL",80.88,17%,07/01/2022,06/30/2023,,N/A,N/A,04/01/2020,03/31/2023,1,N,07/01/2022,06/30/2023,
100187,STEWARD PALMETTO GENERAL HOSPITAL,33100,"Miami-Fort Lauderdale-West Palm Beach, FL",76.06,2%,07/01/2022,06/30/2023,,3.57498,39%,04/01/2020,03/31/2023,,N,07/01/2022,06/30/2023,
100189,HCA FLORIDA NORTHWEST HOSPITAL,33100,"Miami-Fort Lauderdale-West Palm Beach, FL",72.75,1%,07/01/2022,06/30/2023,,N/A,N/A,04/01/2020,03/31/2023,1,N,07/01/2022,06/30/2023,
100191,HCA FLORIDA TRINITY HOSPITAL,45300,"Tampa-St. Petersburg-Clearwater, FL",81.25,20%,07/01/2022,06/30/2023,,4.21851,12%,04/01/2020,03/31/2023,,N,07/01/2022,06/30/2023,*
100200,BROWARD HEALTH IMPERIAL POINT,33100,"Miami-Fort Lauderdale-West Palm Beach, FL",78.25,6%,07/01/2022,06/30/2023,,N/A,N/A,04/01/2020,03/31/2023,1,N,07/01/2022,06/30/2023,
100204,HCA FLORIDA NORTH FLORIDA HOSPITAL,23540,"Gainesville, FL",78.31,6%,07/01/2022,06/30/2023,,3.12201,70%,04/01/2020,03/31/2023,,N,07/01/2022,06/30/2023,
100206,HCA FLORIDA SOUTH TAMPA HOSPITAL,45300,"Tampa-St. Petersburg-Clearwater, FL",83.19,38%,07/01/2022,06/30/2023,,N/A,N/A,04/01/2020,03/31/2023,1,N,07/01/2022,06/30/2023,
100209,HCA FLORIDA KENDALL HOSPITAL,33100,"Miami-Fort Lauderdale-West Palm Beach, FL",79.81,11%,07/01/2022,06/30/2023,,N/A,N/A,04/01/2020,03/31/2023,1,N,07/01/2022,06/30/2023,
100211,ADVENTHEALTH DADE CITY,45300,"Tampa-St. Petersburg-Clearwater, FL",82.75,34%,07/01/2022,06/30/2023,,N/A,N/A,04/01/2020,03/31/2023,5,N,07/01/2022,06/30/2023,
100224,HCA FLORIDA WOODMONT HOSPITAL,33100,"Miami-Fort Lauderdale-West Palm Beach, FL",76.13,2%,07/01/2022,06/30/2023,,3.2443,61%,04/01/2020,03/31/2023,,N,07/01/2022,06/30/2023,
100228,HCA FLORIDA WESTSIDE HOSPITAL,33100,"Miami-Fort Lauderdale-West Palm Beach, FL",78.94,9%,07/01/2022,06/30/2023,,N/A,N/A,04/01/2020,03/31/2023,1,N,07/01/2022,06/30/2023,
100230,MEMORIAL HOSPITAL PEMBROKE,33100,"Miami-Fort Lauderdale-West Palm Beach, FL",85.56,70%,07/01/2022,06/30/2023,,N/A,N/A,04/01/2020,03/31/2023,1,N,07/01/2022,06/30/2023,
100253,Jupiter Medical Center,33100,"Miami-Fort Lauderdale-West Palm Beach, FL",83.94,47%,07/01/2022,06/30/2023,,2.23491,98%,04/01/2020,03/31/2023,,N,07/01/2022,06/30/2023,
100258,DELRAY MEDICAL CENTER,33100,"Miami-Fort Lauderdale-West Palm Beach, FL",68.88,0%,07/01/2022,06/30/2023,,5.17522,2%,04/01/2020,03/31/2023,,N,07/01/2022,06/30/2023,*
100259,HCA FLORIDA SOUTH SHORE HOSPITAL,45300,"Tampa-St. Petersburg-Clearwater, FL",79.88,12%,07/01/2022,06/30/2023,,N/A,N/A,04/01/2020,03/31/2023,1,N,07/01/2022,06/30/2023,
100260,HCA FLORIDA ST LUCIE HOSPITAL,38940,"Port St. Lucie, FL",81.88,25%,07/01/2022,06/30/2023,,3.02027,76%,04/01/2020,03/31/2023,,N,07/01/2022,06/30/2023,
100264,HCA FLORIDA OAK HILL HOSPITAL,45300,"Tampa-St. Petersburg-Clearwater, FL",80.38,14%,07/01/2022,06/30/2023,,5.55431,1%,04/01/2020,03/31/2023,,N,07/01/2022,06/30/2023,*
100268,WEST BOCA MEDICAL CENTER,33100,"Miami-Fort Lauderdale-West Palm Beach, FL",72.69,1%,07/01/2022,06/30/2023,,N/A,N/A,04/01/2020,03/31/2023,1,N,07/01/2022,06/30/2023,
100269,HCA FLORIDA PALMS WEST HOSPITAL,33100,"Miami-Fort Lauderdale-West Palm Beach, FL",78.63,7%,07/01/2022,06/30/2023,,N/A,N/A,04/01/2020,03/31/2023,1,N,07/01/2022,06/30/2023,
100275,WELLINGTON REGIONAL MEDICAL CENTER,33100,"Miami-Fort Lauderdale-West Palm Beach, FL",74.06,1%,07/01/2022,06/30/2023,,3.94545,21%,04/01/2020,03/31/2023,,N,07/01/2022,06/30/2023,*
100276,BROWARD HEALTH CORAL SPRINGS,33100,"Miami-Fort Lauderdale-West Palm Beach, FL",81.38,21%,07/01/2022,06/30/2023,,N/A,N/A,04/01/2020,03/31/2023,1,N,07/01/2022,06/30/2023,
100281,MEMORIAL HOSPITAL WEST,33100,"Miami-Fort Lauderdale-West Palm Beach, FL",84.25,52%,07/01/2022,06/30/2023,,3.38968,51%,04/01/2020,03/31/2023,,N,07/01/2022,06/30/2023,
100284,KERALTY HOSPITAL,33100,"Miami-Fort Lauderdale-West Palm Beach, FL",79.94,12%,07/01/2022,06/30/2023,,N/A,N/A,04/01/2020,03/31/2023,1,N,07/01/2022,06/30/2023,**
100285,MEMORIAL HOSPITAL MIRAMAR,33100,"Miami-Fort Lauderdale-West Palm Beach, FL",86.19,78%,07/01/2022,06/30/2023,,N/A,N/A,04/01/2020,03/31/2023,1,N,07/01/2022,06/30/2023,
100287,GOOD SAMARITAN MEDICAL CENTER,33100,"Miami-Fort Lauderdale-West Palm Beach, FL",77.25,4%,07/01/2022,06/30/2023,,3.16542,67%,04/01/2020,03/31/2023,,N,07/01/2022,06/30/2023,
100288,ST MARY'S MEDICAL CENTER,33100,"Miami-Fort Lauderdale-West Palm Beach, FL",76.25,3%,07/01/2022,06/30/2023,,3.40025,50%,04/01/2020,03/31/2023,,N,07/01/2022,06/30/2023,
100296,DOCTORS HOSPITAL,33100,"Miami-Fort Lauderdale-West Palm Beach, FL",82.75,34%,07/01/2022,06/30/2023,,2.41991,96%,04/01/2020,03/31/2023,,N,07/01/2022,06/30/2023,
100302,ORLANDO HEALTH ST CLOUD HOSPITAL,36740,"Orlando-Kissimmee-Sanford, FL",78.88,8%,07/01/2022,06/30/2023,,N/A,N/A,04/01/2020,03/31/2023,1,N,07/01/2022,06/30/2023,
100314,WEST KENDALL BAPTIST HOSPITAL,33100,"Miami-Fort Lauderdale-West Palm Beach, FL",85.94,74%,07/01/2022,06/30/2023,,N/A,N/A,04/01/2020,03/31/2023,5,N,07/01/2022,06/30/2023,
100319,ADVENTHEALTH WESLEY CHAPEL,45300,"Tampa-St. Petersburg-Clearwater, FL",86.19,78%,07/01/2022,06/30/2023,,3.83759,26%,04/01/2020,03/31/2023,,N,07/01/2022,06/30/2023,
180001,ST ELIZABETH FT THOMAS,17140,"Cincinnati, OH-KY-IN",84.56,56%,07/01/2022,06/30/2023,,N/A,N/A,04/01/2020,03/31/2023,5,N,07/01/2022,06/30/2023,**
180035,ST ELIZABETH MEDICAL CENTER NORTH,17140,"Cincinnati, OH-KY-IN",86,75%,07/01/2022,06/30/2023,,4.53244,7%,04/01/2020,03/31/2023,,N,07/01/2022,06/30/2023,
180045,ST ELIZABETH FLORENCE,17140,"Cincinnati, OH-KY-IN",83.94,47%,07/01/2022,06/30/2023,,N/A,N/A,04/01/2020,03/31/2023,1,N,07/01/2022,06/30/2023,
190036,OCHSNER MEDICAL CENTER,35380,"New Orleans-Metairie, LA",85.56,70%,07/01/2022,06/30/2023,,3.13969,69%,04/01/2020,03/31/2023,,N,07/01/2022,06/30/2023,
190039,WEST JEFFERSON MEDICAL CENTER,35380,"New Orleans-Metairie, LA",84.13,50%,07/01/2022,06/30/2023,,N/A,N/A,04/01/2020,03/31/2023,1,N,07/01/2022,06/30/2023,
190040,SLIDELL MEMORIAL HOSPITAL,35380,"New Orleans-Metairie, LA",82.56,32%,07/01/2022,06/30/2023,,N/A,N/A,04/01/2020,03/31/2023,5,N,07/01/2022,06/30/2023,
190045,ST TAMMANY PARISH HOSPITAL,35380,"New Orleans-Metairie, LA",87.13,85%,07/01/2022,06/30/2023,,N/A,N/A,04/01/2020,03/31/2023,1,N,07/01/2022,06/30/2023,
190046,TOURO INFIRMARY,35380,"New Orleans-Metairie, LA",86.38,80%,07/01/2022,06/30/2023,,3.22401,63%,04/01/2020,03/31/2023,,N,07/01/2022,06/30/2023,
190125,ST FRANCIS MEDICAL CENTER,33740,"Monroe, LA",84.81,59%,07/01/2022,06/30/2023,,N/A,N/A,04/01/2020,03/31/2023,1,N,07/01/2022,06/30/2023,
190146,EAST JEFFERSON GENERAL HOSPITAL,35380,"New Orleans-Metairie, LA",N/A,N/A,07/01/2022,06/30/2023,***,N/A,N/A,04/01/2020,03/31/2023,,N,07/01/2022,06/30/2023,
190160,GLENWOOD REGIONAL MEDICAL CENTER,33740,"Monroe, LA",81.19,19%,07/01/2022,06/30/2023,,2.92625,82%,04/01/2020,03/31/2023,,N,07/01/2022,06/30/2023,
190176,EAST JEFFERSON GENERAL HOSPITAL,35380,"New Orleans-Metairie, LA",84.06,49%,07/01/2022,06/30/2023,,2.79643,87%,04/01/2020,03/31/2023,,N,07/01/2022,06/30/2023,
190204,"OCHSNER MEDICAL CENTER - NORTHSHORE, L L C",35380,"New Orleans-Metairie, LA",85.25,66%,07/01/2022,06/30/2023,,N/A,N/A,04/01/2020,03/31/2023,,N,07/01/2022,06/30/2023,
190256,STERLING SURGICAL HOSPITAL,35380,"New Orleans-Metairie, LA",N/A,N/A,07/01/2022,06/30/2023,***,2.87451,84%,04/01/2020,03/31/2023,,N,07/01/2022,06/30/2023,
190267,AVALA,35380,"New Orleans-Metairie, LA",92.88,100%,07/01/2022,06/30/2023,,3.36927,53%,04/01/2020,03/31/2023,,N,07/01/2022,06/30/2023,
190270,OUR LADY OF THE LAKE SURGICAL HOSPITAL,35380,"New Orleans-Metairie, LA",92.69,99%,07/01/2022,06/30/2023,,N/A,N/A,04/01/2020,03/31/2023,1,N,07/01/2022,06/30/2023,
190274,OCHSNER MEDICAL CENTER-KENNER,35380,"New Orleans-Metairie, LA",84.81,59%,07/01/2022,06/30/2023,,N/A,N/A,04/01/2020,03/31/2023,1,N,07/01/2022,06/30/2023,
310001,HACKENSACK UNIVERSITY MEDICAL CENTER,35620,"New York-Newark-Jersey City, NY-NJ-PA",81.88,25%,07/01/2022,06/30/2023,,3.03218,75%,04/01/2020,03/31/2023,,N,07/01/2022,06/30/2023,
310002,NEWARK BETH ISRAEL MEDICAL CENTER,35620,"New York-Newark-Jersey City, NY-NJ-PA",79.25,10%,07/01/2022,06/30/2023,,N/A,N/A,04/01/2020,03/31/2023,1,N,07/01/2022,06/30/2023,
310003,PALISADES MEDICAL CENTER,35620,"New York-Newark-Jersey City, NY-NJ-PA",80.63,15%,07/01/2022,06/30/2023,,N/A,N/A,04/01/2020,03/31/2023,1,N,07/01/2022,06/30/2023,
310005,HUNTERDON MEDICAL CENTER,35620,"New York-Newark-Jersey City, NY-NJ-PA",84.13,50%,07/01/2022,06/30/2023,,2.50692,95%,04/01/2020,03/31/2023,,N,07/01/2022,06/30/2023,
310006,ST MARY'S GENERAL HOSPITAL,35620,"New York-Newark-Jersey City, NY-NJ-PA",79.75,11%,07/01/2022,06/30/2023,,N/A,N/A,04/01/2020,03/31/2023,1,N,07/01/2022,06/30/2023,
310008,HOLY NAME MEDICAL CENTER,35620,"New York-Newark-Jersey City, NY-NJ-PA",84.63,57%,07/01/2022,06/30/2023,,6.78763,0%,04/01/2020,03/31/2023,,N,07/01/2022,06/30/2023,
310009,CLARA MAASS MEDICAL CENTER,35620,"New York-Newark-Jersey City, NY-NJ-PA",77.81,4%,07/01/2022,06/30/2023,,3.43788,48%,04/01/2020,03/31/2023,,N,07/01/2022,06/30/2023,
310010,PENN MEDICINE PRINCETON MEDICAL CENTER,35620,"New York-Newark-Jersey City, NY-NJ-PA",85,62%,07/01/2022,06/30/2023,,3.84746,25%,04/01/2020,03/31/2023,,N,07/01/2022,06/30/2023,
310012,VALLEY HOSPITAL,35620,"New York-Newark-Jersey City, NY-NJ-PA",82.81,34%,07/01/2022,06/30/2023,,2.63354,93%,04/01/2020,03/31/2023,,N,07/01/2022,06/30/2023,
310015,MORRISTOWN MEDICAL CENTER,35620,"New York-Newark-Jersey City, NY-NJ-PA",84.56,56%,07/01/2022,06/30/2023,,2.93733,81%,04/01/2020,03/31/2023,,N,07/01/2022,06/30/2023,
310016,CAREPOINT HEALTH-CHRIST HOSPITAL,35620,"New York-Newark-Jersey City, NY-NJ-PA",79.25,10%,07/01/2022,06/30/2023,,N/A,N/A,04/01/2020,03/31/2023,1,N,07/01/2022,06/30/2023,
310017,CHILTON MEDICAL CENTER,35620,"New York-Newark-Jersey City, NY-NJ-PA",82.69,33%,07/01/2022,06/30/2023,,3.44661,47%,04/01/2020,03/31/2023,,N,07/01/2022,06/30/2023,
310019,ST JOSEPH'S UNIVERSITY MEDICAL CENTER,35620,"New York-Newark-Jersey City, NY-NJ-PA",79.88,12%,07/01/2022,06/30/2023,,2.99811,78%,04/01/2020,03/31/2023,,N,07/01/2022,06/30/2023,
310024,ROBERT WOOD JOHNSON UNIVERSITY HOSPITAL AT RAHWAY,35620,"New York-Newark-Jersey City, NY-NJ-PA",81.63,22%,07/01/2022,06/30/2023,,4.72713,4%,04/01/2020,03/31/2023,,N,07/01/2022,06/30/2023,*
310025,CAREPOINT HEALTH - BAYONNE MEDICAL CENTER,35620,"New York-Newark-Jersey City, NY-NJ-PA",77.75,4%,07/01/2022,06/30/2023,,4.53363,7%,04/01/2020,03/31/2023,,N,07/01/2022,06/30/2023,*
310027,TRINITAS REGIONAL MEDICAL CENTER,35620,"New York-Newark-Jersey City, NY-NJ-PA",76.31,3%,07/01/2022,06/30/2023,,N/A,N/A,04/01/2020,03/31/2023,1,N,07/01/2022,06/30/2023,
310028,NEWTON MEDICAL CENTER,35620,"New York-Newark-Jersey City, NY-NJ-PA",80.88,17%,07/01/2022,06/30/2023,,3.53566,41%,04/01/2020,03/31/2023,,Y,07/01/2022,06/30/2023,
310034,RIVERVIEW MEDICAL CENTER,35620,"New York-Newark-Jersey City, NY-NJ-PA",84.88,60%,07/01/2022,06/30/2023,,3.14875,69%,04/01/2020,03/31/2023,,N,07/01/2022,06/30/2023,
310038,ROBERT WOOD JOHNSON UNIVERSITY HOSPITAL,35620,"New York-Newark-Jersey City, NY-NJ-PA",81.13,19%,07/01/2022,06/30/2023,,4.46949,8%,04/01/2020,03/31/2023,,N,07/01/2022,06/30/2023,*
310039,RARITAN BAY MEDICAL CENTER,35620,"New York-Newark-Jersey City, NY-NJ-PA",81.31,20%,07/01/2022,06/30/2023,,N/A,N/A,04/01/2020,03/31/2023,1,N,07/01/2022,06/30/2023,
310040,CAREPOINT HEALTH-HOBOKEN UNIVERSITY MEDICAL CENTER,35620,"New York-Newark-Jersey City, NY-NJ-PA",81.63,22%,07/01/2022,06/30/2023,,3.71634,32%,04/01/2020,03/31/2023,,N,07/01/2022,06/30/2023,
310041,COMMUNITY MEDICAL CENTER,35620,"New York-Newark-Jersey City, NY-NJ-PA",79.63,11%,07/01/2022,06/30/2023,,2.77998,88%,04/01/2020,03/31/2023,,N,07/01/2022,06/30/2023,
310045,ENGLEWOOD HOSPITAL AND MEDICAL CENTER,35620,"New York-Newark-Jersey City, NY-NJ-PA",84,48%,07/01/2022,06/30/2023,,3.54493,41%,04/01/2020,03/31/2023,,N,07/01/2022,06/30/2023,
310048,ROBERT WOOD JOHNSON UNIVERSITY HOSPITAL SOMERSET,35620,"New York-Newark-Jersey City, NY-NJ-PA",82.06,27%,07/01/2022,06/30/2023,,4.00976,19%,04/01/2020,03/31/2023,,N,07/01/2022,06/30/2023,*
310050,SAINT CLARE'S HOSPITAL/ DENVILLE CAMPUS,35620,"New York-Newark-Jersey City, NY-NJ-PA",82.69,33%,07/01/2022,06/30/2023,,3.62002,36%,04/01/2020,03/31/2023,,N,07/01/2022,06/30/2023,
310051,OVERLOOK MEDICAL CENTER,35620,"New York-Newark-Jersey City, NY-NJ-PA",82.13,27%,07/01/2022,06/30/2023,,2.98819,78%,04/01/2020,03/31/2023,,Y,07/01/2022,06/30/2023,
310052,OCEAN UNIVERSITY MEDICAL CENTER,35620,"New York-Newark-Jersey City, NY-NJ-PA",82.13,27%,07/01/2022,06/30/2023,,4.21162,13%,04/01/2020,03/31/2023,,N,07/01/2022,06/30/2023,*
310054,"HACKENSACK MERIDIAN HEALTH, MOUNTAINSIDE MEDICAL",35620,"New York-Newark-Jersey City, NY-NJ-PA",80.38,14%,07/01/2022,06/30/2023,,4.63716,5%,04/01/2020,03/31/2023,,N,07/01/2022,06/30/2023,*
310070,SAINT PETER'S UNIVERSITY HOSPITAL,35620,"New York-Newark-Jersey City, NY-NJ-PA",82.19,28%,07/01/2022,06/30/2023,,2.86941,84%,04/01/2020,03/31/2023,,N,07/01/2022,06/30/2023,
310073,JERSEY SHORE UNIVERSITY MEDICAL CENTER,35620,"New York-Newark-Jersey City, NY-NJ-PA",80.94,17%,07/01/2022,06/30/2023,,3.54613,41%,04/01/2020,03/31/2023,,N,07/01/2022,06/30/2023,
310074,JERSEY CITY MEDICAL CENTER,35620,"New York-Newark-Jersey City, NY-NJ-PA",81.31,20%,07/01/2022,06/30/2023,,N/A,N/A,04/01/2020,03/31/2023,1,N,07/01/2022,06/30/2023,
310075,MONMOUTH MEDICAL CENTER,35620,"New York-Newark-Jersey City, NY-NJ-PA",83.25,39%,07/01/2022,06/30/2023,,2.63809,93%,04/01/2020,03/31/2023,,N,07/01/2022,06/30/2023,
310076,COOPERMAN BARNABAS MEDICAL CENTER,35620,"New York-Newark-Jersey City, NY-NJ-PA",82.31,29%,07/01/2022,06/30/2023,,3.33967,56%,04/01/2020,03/31/2023,,N,07/01/2022,06/30/2023,
310083,EAST ORANGE GENERAL HOSPITAL,35620,"New York-Newark-Jersey City, NY-NJ-PA",74.63,1%,07/01/2022,06/30/2023,,N/A,N/A,04/01/2020,03/31/2023,1,N,07/01/2022,06/30/2023,
310084,MONMOUTH MEDICAL CENTER-SOUTHERN CAMPUS,35620,"New York-Newark-Jersey City, NY-NJ-PA",79.81,11%,07/01/2022,06/30/2023,,N/A,N/A,04/01/2020,03/31/2023,1,N,07/01/2022,06/30/2023,
310096,SAINT MICHAEL'S MEDICAL CENTER,35620,"New York-Newark-Jersey City, NY-NJ-PA",84.06,49%,07/01/2022,06/30/2023,,N/A,N/A,04/01/2020,03/31/2023,1,N,07/01/2022,06/30/2023,
310108,JFK UNIVERSITY MEDICAL CENTER,35620,"New York-Newark-Jersey City, NY-NJ-PA",78.5,6%,07/01/2022,06/30/2023,,N/A,N/A,04/01/2020,03/31/2023,1,N,07/01/2022,06/30/2023,
310111,CENTRASTATE MEDICAL CENTER,35620,"New York-Newark-Jersey City, NY-NJ-PA",81.19,19%,07/01/2022,06/30/2023,,4.63845,5%,04/01/2020,03/31/2023,,N,07/01/2022,06/30/2023,*
310112,BAYSHORE MEDICAL CENTER,35620,"New York-Newark-Jersey City, NY-NJ-PA",83.31,40%,07/01/2022,06/30/2023,,N/A,N/A,04/01/2020,03/31/2023,1,N,07/01/2022,06/30/2023,
310113,SOUTHERN OCEAN MEDICAL CENTER,35620,"New York-Newark-Jersey City, NY-NJ-PA",82.44,31%,07/01/2022,06/30/2023,,N/A,N/A,04/01/2020,03/31/2023,1,N,07/01/2022,06/30/2023,
310118,HUDSON REGIONAL HOSPITAL,35620,"New York-Newark-Jersey City, NY-NJ-PA",78,5%,07/01/2022,06/30/2023,,2.71443,91%,04/01/2020,03/31/2023,,N,07/01/2022,06/30/2023,
310119,UNIVERSITY HOSPITAL,35620,"New York-Newark-Jersey City, NY-NJ-PA",77.5,4%,07/01/2022,06/30/2023,,N/A,N/A,04/01/2020,03/31/2023,1,N,07/01/2022,06/30/2023,
310130,HACKENSACK MERIDIAN HEALTH PASCACK VALLEY MEDICAL,35620,"New York-Newark-Jersey City, NY-NJ-PA",81.56,22%,07/01/2022,06/30/2023,,3.45542,46%,04/01/2020,03/31/2023,,N,07/01/2022,06/30/2023,
330006,ST JOSEPH'S MEDICAL CENTER,35620,"New York-Newark-Jersey City, NY-NJ-PA",81.31,20%,07/01/2022,06/30/2023,,N/A,N/A,04/01/2020,03/31/2023,1,N,07/01/2022,06/30/2023,
330009,BRONXCARE HOSPITAL CENTER,35620,"New York-Newark-Jersey City, NY-NJ-PA",75.69,2%,07/01/2022,06/30/2023,,N/A,N/A,04/01/2020,03/31/2023,1,N,07/01/2022,06/30/2023,
330019,"NEW YORK COMMUNITY HOSPITAL OF BROOKLYN, INC.",35620,"New York-Newark-Jersey City, NY-NJ-PA",73.69,1%,07/01/2022,06/30/2023,,N/A,N/A,04/01/2020,03/31/2023,1,N,07/01/2022,06/30/2023,
330023,VASSAR BROTHERS MEDICAL CENTER,35620,"New York-Newark-Jersey City, NY-NJ-PA",83.38,40%,07/01/2022,06/30/2023,,N/A,N/A,04/01/2020,03/31/2023,1,N,07/01/2022,06/30/2023,
330024,MOUNT SINAI HOSPITAL,35620,"New York-Newark-Jersey City, NY-NJ-PA",81.19,19%,07/01/2022,06/30/2023,,3.34314,55%,04/01/2020,03/31/2023,,N,07/01/2022,06/30/2023,
330027,NASSAU UNIVERSITY MEDICAL CENTER,35620,"New York-Newark-Jersey City, NY-NJ-PA",74.81,1%,07/01/2022,06/30/2023,,N/A,N/A,04/01/2020,03/31/2023,1,N,07/01/2022,06/30/2023,
330028,RICHMOND UNIVERSITY MEDICAL CENTER,35620,"New York-Newark-Jersey City, NY-NJ-PA",78.69,7%,07/01/2022,06/30/2023,,3.45791,46%,04/01/2020,03/31/2023,,N,07/01/2022,06/30/2023,
330043,SOUTHSIDE HOSPITAL,35620,"New York-Newark-Jersey City, NY-NJ-PA",82.19,28%,07/01/2022,06/30/2023,,2.30992,98%,04/01/2020,03/31/2023,,N,07/01/2022,06/30/2023,
330045,HUNTINGTON HOSPITAL,35620,"New York-Newark-Jersey City, NY-NJ-PA",83.13,37%,07/01/2022,06/30/2023,,2.564,94%,04/01/2020,03/31/2023,,N,07/01/2022,06/30/2023,
330056,BROOKLYN HOSPITAL CENTER - DOWNTOWN CAMPUS,35620,"New York-Newark-Jersey City, NY-NJ-PA",75.06,2%,07/01/2022,06/30/2023,,3.00059,77%,04/01/2020,03/31/2023,,N,07/01/2022,06/30/2023,
330104,NYACK HOSPITAL,35620,"New York-Newark-Jersey City, NY-NJ-PA",77.44,4%,07/01/2022,06/30/2023,,3.05644,74%,04/01/2020,03/31/2023,,N,07/01/2022,06/30/2023,
330106,NORTH SHORE UNIVERSITY HOSPITAL,35620,"New York-Newark-Jersey City, NY-NJ-PA",82.38,30%,07/01/2022,06/30/2023,,2.51026,95%,04/01/2020,03/31/2023,,N,07/01/2022,06/30/2023,
330107,PECONIC BAY MEDICAL CENTER,35620,"New York-Newark-Jersey City, NY-NJ-PA",83.13,37%,07/01/2022,06/30/2023,,1.83605,99%,04/01/2020,03/31/2023,,N,07/01/2022,06/30/2023,
330127,JACOBI MEDICAL CENTER,35620,"New York-Newark-Jersey City, NY-NJ-PA",76.63,3%,07/01/2022,06/30/2023,,N/A,N/A,04/01/2020,03/31/2023,1,N,07/01/2022,06/30/2023,
330128,ELMHURST HOSPITAL CENTER,35620,"New York-Newark-Jersey City, NY-NJ-PA",78.75,8%,07/01/2022,06/30/2023,,N/A,N/A,04/01/2020,03/31/2023,1,N,07/01/2022,06/30/2023,
330141,LONG ISLAND COMMUNITY HOSPITAL,35620,"New York-Newark-Jersey City, NY-NJ-PA",71.25,0%,07/01/2022,06/30/2023,,3.20033,64%,04/01/2020,03/31/2023,,N,07/01/2022,06/30/2023,
330158,GOOD SAMARITAN HOSPITAL OF SUFFERN,35620,"New York-Newark-Jersey City, NY-NJ-PA",78.81,8%,07/01/2022,06/30/2023,,2.62229,93%,04/01/2020,03/31/2023,,N,07/01/2022,06/30/2023,
330160,STATEN ISLAND UNIVERSITY HOSPITAL,35620,"New York-Newark-Jersey City, NY-NJ-PA",80.25,13%,07/01/2022,06/30/2023,,3.60004,37%,04/01/2020,03/31/2023,,N,07/01/2022,06/30/2023,
330162,NORTHERN WESTCHESTER HOSPITAL,35620,"New York-Newark-Jersey City, NY-NJ-PA",84.06,49%,07/01/2022,06/30/2023,,2.65957,92%,04/01/2020,03/31/2023,,N,07/01/2022,06/30/2023,
330181,GLEN COVE HOSPITAL,35620,"New York-Newark-Jersey City, NY-NJ-PA",86.31,79%,07/01/2022,06/30/2023,,N/A,N/A,04/01/2020,03/31/2023,5,N,07/01/2022,06/30/2023,
330182,"ST FRANCIS HOSPITAL, ROSLYN",35620,"New York-Newark-Jersey City, NY-NJ-PA",86.63,82%,07/01/2022,06/30/2023,,3.86103,24%,04/01/2020,03/31/2023,,Y,07/01/2022,06/30/2023,
330185,JOHN T MATHER MEMORIAL HOSPITAL  OF PORT JEFFERSON,35620,"New York-Newark-Jersey City, NY-NJ-PA",87.94,90%,07/01/2022,06/30/2023,,3.27856,60%,04/01/2020,03/31/2023,,N,07/01/2022,06/30/2023,
330196,CONEY ISLAND HOSPITAL CENTER,35620,"New York-Newark-Jersey City, NY-NJ-PA",78.44,6%,07/01/2022,06/30/2023,,N/A,N/A,04/01/2020,03/31/2023,1,N,07/01/2022,06/30/2023,
330198,MOUNT SINAI SOUTH NASSAU,35620,"New York-Newark-Jersey City, NY-NJ-PA",78.44,6%,07/01/2022,06/30/2023,,3.40684,49%,04/01/2020,03/31/2023,,N,07/01/2022,06/30/2023,
330204,BELLEVUE HOSPITAL CENTER,35620,"New York-Newark-Jersey City, NY-NJ-PA",78.06,5%,07/01/2022,06/30/2023,,N/A,N/A,04/01/2020,03/31/2023,1,N,07/01/2022,06/30/2023,
330205,ST ANTHONY COMMUNITY HOSPITAL,35620,"New York-Newark-Jersey City, NY-NJ-PA",86.38,80%,07/01/2022,06/30/2023,,3.20279,64%,04/01/2020,03/31/2023,,N,07/01/2022,06/30/2023,
330221,WYCKOFF HEIGHTS MEDICAL CENTER,35620,"New York-Newark-Jersey City, NY-NJ-PA",77.38,4%,07/01/2022,06/30/2023,,N/A,N/A,04/01/2020,03/31/2023,1,N,07/01/2022,06/30/2023,
330246,ST CHARLES HOSPITAL,35620,"New York-Newark-Jersey City, NY-NJ-PA",83.31,40%,07/01/2022,06/30/2023,,2.73481,90%,04/01/2020,03/31/2023,,Y,07/01/2022,06/30/2023,
330259,MERCY MEDICAL CENTER,35620,"New York-Newark-Jersey City, NY-NJ-PA",81.38,21%,07/01/2022,06/30/2023,,3.00002,77%,04/01/2020,03/31/2023,,Y,07/01/2022,06/30/2023,
330261,PHELPS HOSPITAL,35620,"New York-Newark-Jersey City, NY-NJ-PA",81.19,19%,07/01/2022,06/30/2023,,3.16419,67%,04/01/2020,03/31/2023,,N,07/01/2022,06/30/2023,
330264,ST LUKE'S CORNWALL HOSPITAL,35620,"New York-Newark-Jersey City, NY-NJ-PA",81.63,22%,07/01/2022,06/30/2023,,3.55036,40%,04/01/2020,03/31/2023,,N,07/01/2022,06/30/2023,
330267,HUDSON VALLEY HOSPITAL CENTER,35620,"New York-Newark-Jersey City, NY-NJ-PA",83.63,44%,07/01/2022,06/30/2023,,3.68646,34%,04/01/2020,03/31/2023,,N,07/01/2022,06/30/2023,
330273,PUTNAM HOSPITAL CENTER,35620,"New York-Newark-Jersey City, NY-NJ-PA",84.13,50%,07/01/2022,06/30/2023,,N/A,N/A,04/01/2020,03/31/2023,1,N,07/01/2022,06/30/2023,
330286,GOOD SAMARITAN HOSPITAL MEDICAL CENTER,35620,"New York-Newark-Jersey City, NY-NJ-PA",80,12%,07/01/2022,06/30/2023,,3.63022,36%,04/01/2020,03/31/2023,,Y,07/01/2022,06/30/2023,
330331,PLAINVIEW HOSPITAL,35620,"New York-Newark-Jersey City, NY-NJ-PA",81.94,25%,07/01/2022,06/30/2023,,3.30183,58%,04/01/2020,03/31/2023,,N,07/01/2022,06/30/2023,
330332,ST JOSEPH HOSPITAL,35620,"New York-Newark-Jersey City, NY-NJ-PA",83.31,40%,07/01/2022,06/30/2023,,3.84303,25%,04/01/2020,03/31/2023,,Y,07/01/2022,06/30/2023,
330350,SUNY HEALTH SCIENCE CENTER AT BROOKLYN UNIVERSITY,35620,"New York-Newark-Jersey City, NY-NJ-PA",78.94,9%,07/01/2022,06/30/2023,,3.35878,54%,04/01/2020,03/31/2023,,N,07/01/2022,06/30/2023,
330401,ST CATHERINE OF SIENA HOSPITAL,35620,"New York-Newark-Jersey City, NY-NJ-PA",81.56,22%,07/01/2022,06/30/2023,,3.7032,33%,04/01/2020,03/31/2023,,N,07/01/2022,06/30/2023,
340017,MARGARET R PARDEE MEMORIAL HOSPITAL,11700,"Asheville, NC",87.38,87%,07/01/2022,06/30/2023,,4.03647,18%,04/01/2020,03/31/2023,,N,07/01/2022,06/30/2023,
340023,PARK RIDGE HEALTH,11700,"Asheville, NC",87.69,89%,07/01/2022,06/30/2023,,3.43842,47%,04/01/2020,03/31/2023,,N,07/01/2022,06/30/2023,
340040,VIDANT MEDICAL CENTER,24780,"Greenville, NC",84,48%,07/01/2022,06/30/2023,,5.3889,1%,04/01/2020,03/31/2023,,Y,07/01/2022,06/30/2023,
340184,HAYWOOD REGIONAL MEDICAL CENTER,11700,"Asheville, NC",83.31,40%,07/01/2022,06/30/2023,,N/A,N/A,04/01/2020,03/31/2023,1,N,07/01/2022,06/30/2023,
360001,MERCY HEALTH-ANDERSON HOSPITAL,17140,"Cincinnati, OH-KY-IN",82.81,34%,07/01/2022,06/30/2023,,3.41466,49%,04/01/2020,03/31/2023,,N,07/01/2022,06/30/2023,
360003,"UNIVERSITY OF CINCINNATI MEDICAL CENTER, LLC",17140,"Cincinnati, OH-KY-IN",83.56,43%,07/01/2022,06/30/2023,,N/A,N/A,04/01/2020,03/31/2023,1,N,07/01/2022,06/30/2023,
360016,THE JEWISH HOSPITAL-MERCY HEALTH,17140,"Cincinnati, OH-KY-IN",84.38,53%,07/01/2022,06/30/2023,,3.85435,25%,04/01/2020,03/31/2023,,N,07/01/2022,06/30/2023,
360056,MERCY HEALTH - FAIRFIELD HOSPITAL,17140,"Cincinnati, OH-KY-IN",82.63,33%,07/01/2022,06/30/2023,,4.06425,17%,04/01/2020,03/31/2023,,N,07/01/2022,06/30/2023,*
360076,ATRIUM MEDICAL CENTER,17140,"Cincinnati, OH-KY-IN",81.69,23%,07/01/2022,06/30/2023,,N/A,N/A,04/01/2020,03/31/2023,1,N,07/01/2022,06/30/2023,
360078,UNIVERSITY HOSPITALS PORTAGE MEDICAL CENTER,10420,"Akron, OH",85.19,65%,07/01/2022,06/30/2023,,N/A,N/A,04/01/2020,03/31/2023,1,N,07/01/2022,06/30/2023,
360090,MCLAREN ST LUKE'S,45780,"Toledo, OH",79.19,10%,07/01/2022,06/30/2023,,N/A,N/A,04/01/2020,03/31/2023,,N,07/01/2022,06/30/2023,
360132,FORT HAMILTON HUGHES MEMORIAL HOSPITAL,17140,"Cincinnati, OH-KY-IN",84.81,59%,07/01/2022,06/30/2023,,N/A,N/A,04/01/2020,03/31/2023,1,N,07/01/2022,06/30/2023,
360134,GOOD SAMARITAN HOSPITAL,17140,"Cincinnati, OH-KY-IN",84.81,59%,07/01/2022,06/30/2023,,4.32807,10%,04/01/2020,03/31/2023,,N,07/01/2022,06/30/2023,
360163,CHRIST HOSPITAL,17140,"Cincinnati, OH-KY-IN",86.38,80%,07/01/2022,06/30/2023,,3.16598,67%,04/01/2020,03/31/2023,,N,07/01/2022,06/30/2023,
360179,BETHESDA NORTH,17140,"Cincinnati, OH-KY-IN",82,26%,07/01/2022,06/30/2023,,3.68377,34%,04/01/2020,03/31/2023,,N,07/01/2022,06/30/2023,
360234,MERCY HEALTH - WEST HOSPITAL,17140,"Cincinnati, OH-KY-IN",84.56,56%,07/01/2022,06/30/2023,,3.03854,75%,04/01/2020,03/31/2023,,N,07/01/2022,06/30/2023,
360236,MERCY HEALTH - CLERMONT HOSPITAL,17140,"Cincinnati, OH-KY-IN",85.19,65%,07/01/2022,06/30/2023,,N/A,N/A,04/01/2020,03/31/2023,1,N,07/01/2022,06/30/2023,
360351,CRYSTAL CLINIC ORTHOPAEDIC CENTER,10420,"Akron, OH",89.88,96%,07/01/2022,06/30/2023,,1.86318,99%,04/01/2020,03/31/2023,,N,07/01/2022,06/30/2023,
360354,"WEST CHESTER HOSPITAL, LLC",17140,"Cincinnati, OH-KY-IN",83.88,47%,07/01/2022,06/30/2023,,N/A,N/A,04/01/2020,03/31/2023,1,N,07/01/2022,06/30/2023,
370008,NORMAN REGIONAL,36420,"Oklahoma City, OK",84.31,52%,07/01/2022,06/30/2023,,2.72257,90%,04/01/2020,03/31/2023,,Y,07/01/2022,06/30/2023,
370028,"INTEGRIS BAPTIST MEDICAL CENTER, INC",36420,"Oklahoma City, OK",83.88,47%,07/01/2022,06/30/2023,,3.26149,61%,04/01/2020,03/31/2023,,N,07/01/2022,06/30/2023,
370037,SSM HEALTH ST ANTHONY HOSPITAL - OKLAHOMA CITY,36420,"Oklahoma City, OK",84.13,50%,07/01/2022,06/30/2023,,2.92475,82%,04/01/2020,03/31/2023,,N,07/01/2022,06/30/2023,
370093,O U HEALTH UNIVERSITY OF OKLAHOMA MEDICAL CENTER,36420,"Oklahoma City, OK",81.13,19%,07/01/2022,06/30/2023,,3.58686,39%,04/01/2020,03/31/2023,,N,07/01/2022,06/30/2023,
370094,SSM HEALTH ST ANTHONY HOSPITAL - MIDWEST,36420,"Oklahoma City, OK",78.38,6%,07/01/2022,06/30/2023,,3.59034,38%,04/01/2020,03/31/2023,,N,07/01/2022,06/30/2023,
370106,INTEGRIS SOUTHWEST MEDICAL CENTER,36420,"Oklahoma City, OK",82.63,33%,07/01/2022,06/30/2023,,N/A,N/A,04/01/2020,03/31/2023,1,N,07/01/2022,06/30/2023,
370192,NORTHWEST SURGICAL HOSPITAL,36420,"Oklahoma City, OK",N/A,N/A,07/01/2022,06/30/2023,***,N/A,N/A,04/01/2020,03/31/2023,1,N,07/01/2022,06/30/2023,**
370201,SURGICAL HOSPITAL OF OKLAHOMA,36420,"Oklahoma City, OK",89.44,95%,07/01/2022,06/30/2023,,3.16581,67%,04/01/2020,03/31/2023,,N,07/01/2022,06/30/2023,
370203,"COMMUNITY HOSPITAL, LLC",36420,"Oklahoma City, OK",87.31,87%,07/01/2022,06/30/2023,,3.88406,24%,04/01/2020,03/31/2023,,N,07/01/2022,06/30/2023,
370211,INTEGRIS CANADIAN VALLEY  HOSPITAL,36420,"Oklahoma City, OK",85.44,68%,07/01/2022,06/30/2023,,N/A,N/A,04/01/2020,03/31/2023,1,N,07/01/2022,06/30/2023,
370212,OKLAHOMA CENTER FOR ORTHOPAEDIC & MULTI-SPECIALTY SURGERY,36420,"Oklahoma City, OK",N/A,N/A,07/01/2022,06/30/2023,***,2.92795,82%,04/01/2020,03/31/2023,,N,07/01/2022,06/30/2023,
370220,ONECORE HEALTH,36420,"Oklahoma City, OK",92.94,100%,07/01/2022,06/30/2023,,3.05982,74%,04/01/2020,03/31/2023,,N,07/01/2022,06/30/2023,
370222,MCBRIDE ORTHOPEDIC HOSPITAL,36420,"Oklahoma City, OK",91.06,98%,07/01/2022,06/30/2023,,3.22743,62%,04/01/2020,03/31/2023,,N,07/01/2022,06/30/2023,
370225,"SUMMIT MEDICAL CENTER, LLC",36420,"Oklahoma City, OK",N/A,N/A,07/01/2022,06/30/2023,***,N/A,N/A,04/01/2020,03/31/2023,1,N,07/01/2022,06/30/2023,
370236,INTEGRIS HEALTH EDMOND,36420,"Oklahoma City, OK",85.44,68%,07/01/2022,06/30/2023,,N/A,N/A,04/01/2020,03/31/2023,1,N,07/01/2022,06/30/2023,
390002,UPMC MCKEESPORT,38300,"Pittsburgh, PA",81.88,25%,07/01/2022,06/30/2023,,N/A,N/A,04/01/2020,03/31/2023,5,N,07/01/2022,06/30/2023,
390004,PENN STATE HEALTH HOLY SPIRIT MEDICAL CENTER,25420,"Harrisburg-Carlisle, PA",79.81,11%,07/01/2022,06/30/2023,,N/A,N/A,04/01/2020,03/31/2023,1,N,07/01/2022,06/30/2023,
390028,UPMC MERCY,38300,"Pittsburgh, PA",83.19,38%,07/01/2022,06/30/2023,,N/A,N/A,04/01/2020,03/31/2023,1,N,07/01/2022,06/30/2023,
390032,ALLEGHENY VALLEY HOSPITAL,38300,"Pittsburgh, PA",86.06,76%,07/01/2022,06/30/2023,,N/A,N/A,04/01/2020,03/31/2023,1,N,07/01/2022,06/30/2023,
390036,HERITAGE VALLEY BEAVER,38300,"Pittsburgh, PA",85.13,64%,07/01/2022,06/30/2023,,3.54834,41%,04/01/2020,03/31/2023,,Y,07/01/2022,06/30/2023,
390037,HERITAGE VALLEY SEWICKLEY,38300,"Pittsburgh, PA",85.06,63%,07/01/2022,06/30/2023,,2.33662,98%,04/01/2020,03/31/2023,,N,07/01/2022,06/30/2023,
390041,UNIONTOWN HOSPITAL,38300,"Pittsburgh, PA",80.06,13%,07/01/2022,06/30/2023,,N/A,N/A,04/01/2020,03/31/2023,1,N,07/01/2022,06/30/2023,
390042,"WASHINGTON HOSPITAL, THE",38300,"Pittsburgh, PA",85.13,64%,07/01/2022,06/30/2023,,3.37762,52%,04/01/2020,03/31/2023,,N,07/01/2022,06/30/2023,
390050,ALLEGHENY GENERAL HOSPITAL,38300,"Pittsburgh, PA",85.31,67%,07/01/2022,06/30/2023,,4.58091,6%,04/01/2020,03/31/2023,,N,07/01/2022,06/30/2023,
390058,UPMC CARLISLE,25420,"Harrisburg-Carlisle, PA",84.06,49%,07/01/2022,06/30/2023,,3.55077,40%,04/01/2020,03/31/2023,,N,07/01/2022,06/30/2023,
390090,WEST PENN HOSPITAL,38300,"Pittsburgh, PA",86.56,82%,07/01/2022,06/30/2023,,N/A,N/A,04/01/2020,03/31/2023,1,N,07/01/2022,06/30/2023,
390102,UPMC ST MARGARET,38300,"Pittsburgh, PA",86.25,78%,07/01/2022,06/30/2023,,3.36799,53%,04/01/2020,03/31/2023,,Y,07/01/2022,06/30/2023,
390107,UPMC PASSAVANT,38300,"Pittsburgh, PA",86.38,80%,07/01/2022,06/30/2023,,2.57016,94%,04/01/2020,03/31/2023,,N,07/01/2022,06/30/2023,
390114,MAGEE WOMENS HOSPITAL OF UPMC HEALTH SYSTEM,38300,"Pittsburgh, PA",85.63,71%,07/01/2022,06/30/2023,,3.9162,22%,04/01/2020,03/31/2023,,Y,07/01/2022,06/30/2023,
390145,EXCELA HEALTH WESTMORELAND HOSPITAL,38300,"Pittsburgh, PA",82.44,31%,07/01/2022,06/30/2023,,2.52932,94%,04/01/2020,03/31/2023,,Y,07/01/2022,06/30/2023,
390147,PENN HIGHLANDS MON VALLEY,38300,"Pittsburgh, PA",79.38,10%,07/01/2022,06/30/2023,,3.08131,73%,04/01/2020,03/31/2023,,N,07/01/2022,06/30/2023,
390157,HERITAGE VALLEY KENNEDY,38300,"Pittsburgh, PA",81.69,23%,07/01/2022,06/30/2023,,N/A,N/A,04/01/2020,03/31/2023,1,Y,07/01/2022,06/30/2023,
390160,CANONSBURG GENERAL HOSPITAL,38300,"Pittsburgh, PA",87.5,88%,07/01/2022,06/30/2023,,N/A,N/A,04/01/2020,03/31/2023,1,N,07/01/2022,06/30/2023,
390219,EXCELA HEALTH LATROBE HOSPITAL,38300,"Pittsburgh, PA",84.13,50%,07/01/2022,06/30/2023,,3.35111,54%,04/01/2020,03/31/2023,,N,07/01/2022,06/30/2023,
390228,ST CLAIR HOSPITAL,38300,"Pittsburgh, PA",84.44,54%,07/01/2022,06/30/2023,,2.31275,98%,04/01/2020,03/31/2023,,N,07/01/2022,06/30/2023,
390265,JEFFERSON HOSPITAL,38300,"Pittsburgh, PA",84.81,59%,07/01/2022,06/30/2023,,3.92432,22%,04/01/2020,03/31/2023,,N,07/01/2022,06/30/2023,
390267,FORBES HOSPITAL,38300,"Pittsburgh, PA",83.19,38%,07/01/2022,06/30/2023,,N/A,N/A,04/01/2020,03/31/2023,1,N,07/01/2022,06/30/2023,
390316,SURGICAL INSTITUTE OF READING,39740,"Reading, PA",90.69,98%,07/01/2022,06/30/2023,,3.3087,57%,04/01/2020,03/31/2023,,N,07/01/2022,06/30/2023,
390323,ADVANCED SURGICAL HOSPITAL,38300,"Pittsburgh, PA",94.31,100%,07/01/2022,06/30/2023,,2.4993,95%,04/01/2020,03/31/2023,,N,07/01/2022,06/30/2023,
390328,UPMC EAST,38300,"Pittsburgh, PA",84.56,56%,07/01/2022,06/30/2023,,4.09346,16%,04/01/2020,03/31/2023,,Y,07/01/2022,06/30/2023,
440048,BAPTIST MEMORIAL HOSPITAL,32820,"Memphis, TN-MS-AR",82.44,31%,07/01/2022,06/30/2023,,4.65658,5%,04/01/2020,03/31/2023,,N,07/01/2022,06/30/2023,*
440049,METHODIST HOSPITALS OF MEMPHIS,32820,"Memphis, TN-MS-AR",82.94,36%,07/01/2022,06/30/2023,,2.9246,82%,04/01/2020,03/31/2023,,N,07/01/2022,06/30/2023,
440152,REGIONAL ONE HEALTH,32820,"Memphis, TN-MS-AR",80.31,14%,07/01/2022,06/30/2023,,N/A,N/A,04/01/2020,03/31/2023,5,N,07/01/2022,06/30/2023,
440183,ST FRANCIS HOSPITAL,32820,"Memphis, TN-MS-AR",76.94,3%,07/01/2022,06/30/2023,,4.23924,12%,04/01/2020,03/31/2023,,N,07/01/2022,06/30/2023,*
440228,SAINT FRANCIS BARTLETT MEDICAL CENTER,32820,"Memphis, TN-MS-AR",77.25,4%,07/01/2022,06/30/2023,,N/A,N/A,04/01/2020,03/31/2023,1,N,07/01/2022,06/30/2023,
450040,COVENANT MEDICAL CENTER,31180,"Lubbock, TX",82.94,36%,07/01/2022,06/30/2023,,4.25107,11%,04/01/2020,03/31/2023,,N,07/01/2022,06/30/2023,*
450046,CHRISTUS SPOHN HOSPITAL CORPUS CHRISTI,18580,"Corpus Christi, TX",82.56,32%,07/01/2022,06/30/2023,,N/A,N/A,04/01/2020,03/31/2023,1,N,07/01/2022,06/30/2023,
450054,BAYLOR SCOTT & WHITE MEDICAL CENTER - TEMPLE,28660,"Killeen-Temple, TX",85.25,66%,07/01/2022,06/30/2023,,3.88338,24%,04/01/2020,03/31/2023,,N,07/01/2022,06/30/2023,
450056,ASCENSION SETON MEDICAL CENTER AUSTIN,12420,"Austin-Round Rock, TX",84.38,53%,07/01/2022,06/30/2023,,2.97835,79%,04/01/2020,03/31/2023,,N,07/01/2022,06/30/2023,
450083,UT HEALTH EAST TEXAS TYLER REGIONAL HOSPITAL,46340,"Tyler, TX",80.13,13%,07/01/2022,06/30/2023,,2.87058,84%,04/01/2020,03/31/2023,,N,07/01/2022,06/30/2023,
450152,ADVENTHEALTH CENTRAL TEXAS,28660,"Killeen-Temple, TX",84.19,51%,07/01/2022,06/30/2023,,N/A,N/A,04/01/2020,03/31/2023,1,N,07/01/2022,06/30/2023,
450162,GRACE SURGICAL HOSPITAL,31180,"Lubbock, TX",N/A,N/A,07/01/2022,06/30/2023,***,3.13808,69%,04/01/2020,03/31/2023,,N,07/01/2022,06/30/2023,
450272,CHRISTUS SANTA ROSA HOSPITAL-SAN MARCOS,12420,"Austin-Round Rock, TX",84.44,54%,07/01/2022,06/30/2023,,N/A,N/A,04/01/2020,03/31/2023,1,N,07/01/2022,06/30/2023,
450431,ST DAVID'S MEDICAL CENTER,12420,"Austin-Round Rock, TX",85.5,69%,07/01/2022,06/30/2023,,2.37192,97%,04/01/2020,03/31/2023,,N,07/01/2022,06/30/2023,
450518,THE MEDICAL CENTER OF SOUTHEAST TEXAS,13140,"Beaumont-Port Arthur, TX",79.94,12%,07/01/2022,06/30/2023,,N/A,N/A,04/01/2020,03/31/2023,1,N,07/01/2022,06/30/2023,
450713,ST DAVID'S SOUTH AUSTIN MEDICAL CENTER,12420,"Austin-Round Rock, TX",84.5,55%,07/01/2022,06/30/2023,,3.18274,65%,04/01/2020,03/31/2023,,N,07/01/2022,06/30/2023,
450718,ROUND ROCK MEDICAL CENTER,12420,"Austin-Round Rock, TX",83.69,44%,07/01/2022,06/30/2023,,N/A,N/A,04/01/2020,03/31/2023,1,N,07/01/2022,06/30/2023,
450788,"CORPUS CHRISTI MEDICAL CENTER,THE",18580,"Corpus Christi, TX",82.94,36%,07/01/2022,06/30/2023,,N/A,N/A,04/01/2020,03/31/2023,1,N,07/01/2022,06/30/2023,
450808,NORTHWEST HILLS SURGICAL HOSPITAL,12420,"Austin-Round Rock, TX",90.88,98%,07/01/2022,06/30/2023,,N/A,N/A,04/01/2020,03/31/2023,1,N,07/01/2022,06/30/2023,
450809,NORTH AUSTIN MEDICAL CENTER,12420,"Austin-Round Rock, TX",82.44,31%,07/01/2022,06/30/2023,,2.77116,89%,04/01/2020,03/31/2023,,N,07/01/2022,06/30/2023,
450864,BAYLOR SCOTT & WHITE TEXAS SPINE & JOINT HOSPITAL,46340,"Tyler, TX",91,98%,07/01/2022,06/30/2023,,2.66702,92%,04/01/2020,03/31/2023,,N,07/01/2022,06/30/2023,
450867,ASCENSION SETON NORTHWEST,12420,"Austin-Round Rock, TX",86,75%,07/01/2022,06/30/2023,,3.40449,50%,04/01/2020,03/31/2023,,N,07/01/2022,06/30/2023,
450871,ARISE AUSTIN MEDICAL CENTER,12420,"Austin-Round Rock, TX",N/A,N/A,07/01/2022,06/30/2023,***,3.02554,76%,04/01/2020,03/31/2023,,N,07/01/2022,06/30/2023,
450876,LUBBOCK HEART HOSPITAL LP,31180,"Lubbock, TX",87.75,89%,07/01/2022,06/30/2023,,3.33288,56%,04/01/2020,03/31/2023,,N,07/01/2022,06/30/2023,
460001,UTAH VALLEY HOSPITAL,39340,"Provo-Orem, UT",87.31,87%,07/01/2022,06/30/2023,,3.05358,74%,04/01/2020,03/31/2023,,N,07/01/2022,06/30/2023,
460013,MOUNTAIN VIEW HOSPITAL,39340,"Provo-Orem, UT",86.88,84%,07/01/2022,06/30/2023,,3.48242,44%,04/01/2020,03/31/2023,,N,07/01/2022,06/30/2023,
460023,AMERICAN FORK HOSPITAL,39340,"Provo-Orem, UT",84.56,56%,07/01/2022,06/30/2023,,N/A,N/A,04/01/2020,03/31/2023,1,N,07/01/2022,06/30/2023,
460052,TIMPANOGOS REGIONAL HOSPITAL,39340,"Provo-Orem, UT",83.5,42%,07/01/2022,06/30/2023,,4.01559,19%,04/01/2020,03/31/2023,,N,07/01/2022,06/30/2023,
670006,THE HOSPITAL AT WESTLAKE MEDICAL CENTER,12420,"Austin-Round Rock, TX",85.63,71%,07/01/2022,06/30/2023,,3.44216,47%,04/01/2020,03/31/2023,,N,07/01/2022,06/30/2023,
670034,SCOTT & WHITE HOSPITAL-ROUND ROCK,12420,"Austin-Round Rock, TX",86.88,84%,07/01/2022,06/30/2023,,4.08766,17%,04/01/2020,03/31/2023,,Y,07/01/2022,06/30/2023,
670041,ASCENSION SETON WILLIAMSON,12420,"Austin-Round Rock, TX",84.94,61%,07/01/2022,06/30/2023,,N/A,N/A,04/01/2020,03/31/2023,1,N,07/01/2022,06/30/2023,
670043,CEDAR PARK REGIONAL MEDICAL CENTER,12420,"Austin-Round Rock, TX",82.69,33%,07/01/2022,06/30/2023,,N/A,N/A,04/01/2020,03/31/2023,1,N,07/01/2022,06/30/2023,
670056,ASCENSION SETON HAYS,12420,"Austin-Round Rock, TX",86.06,76%,07/01/2022,06/30/2023,,N/A,N/A,04/01/2020,03/31/2023,1,N,07/01/2022,06/30/2023,
670061,SOUTH TEXAS SURGICAL HOSPITAL,18580,"Corpus Christi, TX",N/A,N/A,07/01/2022,06/30/2023,***,N/A,N/A,04/01/2020,03/31/2023,,N,07/01/2022,06/30/2023,
670080,SETON MEDICAL CENTER HARKER HEIGHTS,28660,"Killeen-Temple, TX",86.25,78%,07/01/2022,06/30/2023,,N/A,N/A,04/01/2020,03/31/2023,1,N,07/01/2022,06/30/2023,
,,,,,,07/01/2022,06/30/2023,,,,04/01/2020,03/31/2023,,,07/01/2022,06/30/2023,
,,,,,,07/01/2022,06/30/2023,,,,04/01/2020,03/31/2023,,,07/01/2022,06/30/2023,
,,,,,,07/01/2022,06/30/2023,,,,04/01/2020,03/31/2023,,,07/01/2022,06/30/2023,
,,,,,,07/01/2022,06/30/2023,,,,04/01/2020,03/31/2023,,,07/01/2022,06/30/2023,
,,,,,,07/01/2022,06/30/2023,,,,04/01/2020,03/31/2023,,,07/01/2022,06/30/2023,
,,,,,,07/01/2022,06/30/2023,,,,04/01/2020,03/31/2023,,,07/01/2022,06/30/2023,
,,,,,,07/01/2022,06/30/2023,,,,04/01/2020,03/31/2023,,,07/01/2022,06/30/2023,
,,,,,,07/01/2022,06/30/2023,,,,04/01/2020,03/31/2023,,,07/01/2022,06/30/2023,
,,,,,,07/01/2022,06/30/2023,,,,04/01/2020,03/31/2023,,,07/01/2022,06/30/2023,
,,,,,,07/01/2022,06/30/2023,,,,04/01/2020,03/31/2023,,,07/01/2022,06/30/2023,
,,,,,,07/01/2022,06/30/2023,,,,04/01/2020,03/31/2023,,,07/01/2022,06/30/2023,
,,,,,,07/01/2022,06/30/2023,,,,04/01/2020,03/31/2023,,,07/01/2022,06/30/2023,
,,,,,,07/01/2022,06/30/2023,,,,04/01/2020,03/31/2023,,,07/01/2022,06/30/2023,
,,,,,,07/01/2022,06/30/2023,,,,04/01/2020,03/31/2023,,,07/01/2022,06/30/2023,
,,,,,,07/01/2022,06/30/2023,,,,04/01/2020,03/31/2023,,,07/01/2022,06/30/2023,
,,,,,,07/01/2022,06/30/2023,,,,04/01/2020,03/31/2023,,,07/01/2022,06/30/2023,
,,,,,,07/01/2022,06/30/2023,,,,04/01/2020,03/31/2023,,,07/01/2022,06/30/2023,
,,,,,,07/01/2022,06/30/2023,,,,04/01/2020,03/31/2023,,,07/01/2022,06/30/2023,
,,,,,,07/01/2022,06/30/2023,,,,04/01/2020,03/31/2023,,,07/01/2022,06/30/2023,
,,,,,,07/01/2022,06/30/2023,,,,04/01/2020,03/31/2023,,,07/01/2022,06/30/2023,
,,,,,,07/01/2022,06/30/2023,,,,04/01/2020,03/31/2023,,,07/01/2022,06/30/2023,
,,,,,,07/01/2022,06/30/2023,,,,04/01/2020,03/31/2023,,,07/01/2022,06/30/2023,
,,,,,,07/01/2022,06/30/2023,,,,04/01/2020,03/31/2023,,,07/01/2022,06/30/2023,
,,,,,,07/01/2022,06/30/2023,,,,04/01/2020,03/31/2023,,,07/01/2022,06/30/2023,
,,,,,,07/01/2022,06/30/2023,,,,04/01/2020,03/31/2023,,,07/01/2022,06/30/2023,
,,,,,,07/01/2022,06/30/2023,,,,04/01/2020,03/31/2023,,,07/01/2022,06/30/2023,
,,,,,,07/01/2022,06/30/2023,,,,04/01/2020,03/31/2023,,,07/01/2022,06/30/2023,
,,,,,,07/01/2022,06/30/2023,,,,04/01/2020,03/31/2023,,,07/01/2022,06/30/2023,
,,,,,,07/01/2022,06/30/2023,,,,04/01/2020,03/31/2023,,,07/01/2022,06/30/2023,
,,,,,,07/01/2022,06/30/2023,,,,04/01/2020,03/31/2023,,,07/01/2022,06/30/2023,
,,,,,,07/01/2022,06/30/2023,,,,04/01/2020,03/31/2023,,,07/01/2022,06/30/2023,
,,,,,,07/01/2022,06/30/2023,,,,04/01/2020,03/31/2023,,,07/01/2022,06/30/2023,
,,,,,,07/01/2022,06/30/2023,,,,04/01/2020,03/31/2023,,,07/01/2022,06/30/2023,
,,,,,,07/01/2022,06/30/2023,,,,04/01/2020,03/31/2023,,,07/01/2022,06/30/2023,
,,,,,,07/01/2022,06/30/2023,,,,04/01/2020,03/31/2023,,,07/01/2022,06/30/2023,
,,,,,,07/01/2022,06/30/2023,,,,04/01/2020,03/31/2023,,,07/01/2022,06/30/2023,
,,,,,,07/01/2022,06/30/2023,,,,04/01/2020,03/31/2023,,,07/01/2022,06/30/2023,
,,,,,,07/01/2022,06/30/2023,,,,04/01/2020,03/31/2023,,,07/01/2022,06/30/2023,
,,,,,,07/01/2022,06/30/2023,,,,04/01/2020,03/31/2023,,,07/01/2022,06/30/2023,
,,,,,,07/01/2022,06/30/2023,,,,04/01/2020,03/31/2023,,,07/01/2022,06/30/2023,
,,,,,,07/01/2022,06/30/2023,,,,04/01/2020,03/31/2023,,,07/01/2022,06/30/2023,
,,,,,,07/01/2022,06/30/2023,,,,04/01/2020,03/31/2023,,,07/01/2022,06/30/2023,
,,,,,,07/01/2022,06/30/2023,,,,04/01/2020,03/31/2023,,,07/01/2022,06/30/2023,
,,,,,,07/01/2022,06/30/2023,,,,04/01/2020,03/31/2023,,,07/01/2022,06/30/2023,
,,,,,,07/01/2022,06/30/2023,,,,04/01/2020,03/31/2023,,,07/01/2022,06/30/2023,
,,,,,,07/01/2022,06/30/2023,,,,04/01/2020,03/31/2023,,,07/01/2022,06/30/2023,
,,,,,,07/01/2022,06/30/2023,,,,04/01/2020,03/31/2023,,,07/01/2022,06/30/2023,
,,,,,,07/01/2022,06/30/2023,,,,04/01/2020,03/31/2023,,,07/01/2022,06/30/2023,
,,,,,,07/01/2022,06/30/2023,,,,04/01/2020,03/31/2023,,,07/01/2022,06/30/2023,
,,,,,,07/01/2022,06/30/2023,,,,04/01/2020,03/31/2023,,,07/01/2022,06/30/2023,
,,,,,,07/01/2022,06/30/2023,,,,04/01/2020,03/31/2023,,,07/01/2022,06/30/2023,
,,,,,,07/01/2022,06/30/2023,,,,04/01/2020,03/31/2023,,,07/01/2022,06/30/2023,
,,,,,,07/01/2022,06/30/2023,,,,04/01/2020,03/31/2023,,,07/01/2022,06/30/2023,
,,,,,,07/01/2022,06/30/2023,,,,04/01/2020,03/31/2023,,,07/01/2022,06/30/2023,
,,,,,,07/01/2022,06/30/2023,,,,04/01/2020,03/31/2023,,,07/01/2022,06/30/2023,
,,,,,,07/01/2022,06/30/2023,,,,04/01/2020,03/31/2023,,,07/01/2022,06/30/2023,
,,,,,,07/01/2022,06/30/2023,,,,04/01/2020,03/31/2023,,,07/01/2022,06/30/2023,
,,,,,,07/01/2022,06/30/2023,,,,04/01/2020,03/31/2023,,,07/01/2022,06/30/2023,
,,,,,,07/01/2022,06/30/2023,,,,04/01/2020,03/31/2023,,,07/01/2022,06/30/2023,
,,,,,,07/01/2022,06/30/2023,,,,04/01/2020,03/31/2023,,,07/01/2022,06/30/2023,
,,,,,,07/01/2022,06/30/2023,,,,04/01/2020,03/31/2023,,,07/01/2022,06/30/2023,
,,,,,,07/01/2022,06/30/2023,,,,04/01/2020,03/31/2023,,,07/01/2022,06/30/2023,
,,,,,,07/01/2022,06/30/2023,,,,04/01/2020,03/31/2023,,,07/01/2022,06/30/2023,
,,,,,,07/01/2022,06/30/2023,,,,04/01/2020,03/31/2023,,,07/01/2022,06/30/2023,
,,,,,,07/01/2022,06/30/2023,,,,04/01/2020,03/31/2023,,,07/01/2022,06/30/2023,
,,,,,,07/01/2022,06/30/2023,,,,04/01/2020,03/31/2023,,,07/01/2022,06/30/2023,
,,,,,,07/01/2022,06/30/2023,,,,04/01/2020,03/31/2023,,,07/01/2022,06/30/2023,
,,,,,,07/01/2022,06/30/2023,,,,04/01/2020,03/31/2023,,,07/01/2022,06/30/2023,
,,,,,,07/01/2022,06/30/2023,,,,04/01/2020,03/31/2023,,,07/01/2022,06/30/2023,
,,,,,,07/01/2022,06/30/2023,,,,04/01/2020,03/31/2023,,,07/01/2022,06/30/2023,
,,,,,,07/01/2022,06/30/2023,,,,04/01/2020,03/31/2023,,,07/01/2022,06/30/2023,
,,,,,,07/01/2022,06/30/2023,,,,04/01/2020,03/31/2023,,,07/01/2022,06/30/2023,
,,,,,,07/01/2022,06/30/2023,,,,04/01/2020,03/31/2023,,,07/01/2022,06/30/2023,
,,,,,,07/01/2022,06/30/2023,,,,04/01/2020,03/31/2023,,,07/01/2022,06/30/2023,
,,,,,,07/01/2022,06/30/2023,,,,04/01/2020,03/31/2023,,,07/01/2022,06/30/2023,
,,,,,,07/01/2022,06/30/2023,,,,04/01/2020,03/31/2023,,,07/01/2022,06/30/2023,
,,,,,,07/01/2022,06/30/2023,,,,04/01/2020,03/31/2023,,,07/01/2022,06/30/2023,
,,,,,,07/01/2022,06/30/2023,,,,04/01/2020,03/31/2023,,,07/01/2022,06/30/2023,
,,,,,,07/01/2022,06/30/2023,,,,04/01/2020,03/31/2023,,,07/01/2022,06/30/2023,
