"State","HCHE Measure ID","HCHE Description","Score","Footnote","Start Date","End Date"
AK,HCHE_S0_S_RATE,"Percentage of facilities, in the state, reporting HCHE that scored 0 out of 5 points",0,,01/01/2023,12/31/2023
AK,HCHE_S1_S_RATE,"Percentage of facilities, in the state, reporting HCHE that scored 1 out of 5 points",8,,01/01/2023,12/31/2023
AK,HCHE_S2_S_RATE,"Percentage of facilities, in the state, reporting HCHE that scored 2 out of 5 points",8,,01/01/2023,12/31/2023
AK,HCHE_S3_S_RATE,"Percentage of facilities, in the state, reporting HCHE that scored 3 out of 5 points",8,,01/01/2023,12/31/2023
AK,HCHE_S4_S_RATE,"Percentage of facilities, in the state, reporting HCHE that scored 4 out of 5 points",8,,01/01/2023,12/31/2023
AK,HCHE_S5_S_RATE,"Percentage of facilities, in the state, reporting HCHE that scored 5 out of 5 points",67,,01/01/2023,12/31/2023
AL,HCHE_S0_S_RATE,"Percentage of facilities, in the state, reporting HCHE that scored 0 out of 5 points",2,,01/01/2023,12/31/2023
AL,HCHE_S1_S_RATE,"Percentage of facilities, in the state, reporting HCHE that scored 1 out of 5 points",5,,01/01/2023,12/31/2023
AL,HCHE_S2_S_RATE,"Percentage of facilities, in the state, reporting HCHE that scored 2 out of 5 points",4,,01/01/2023,12/31/2023
AL,HCHE_S3_S_RATE,"Percentage of facilities, in the state, reporting HCHE that scored 3 out of 5 points",6,,01/01/2023,12/31/2023
AL,HCHE_S4_S_RATE,"Percentage of facilities, in the state, reporting HCHE that scored 4 out of 5 points",7,,01/01/2023,12/31/2023
AL,HCHE_S5_S_RATE,"Percentage of facilities, in the state, reporting HCHE that scored 5 out of 5 points",76,,01/01/2023,12/31/2023
AR,HCHE_S0_S_RATE,"Percentage of facilities, in the state, reporting HCHE that scored 0 out of 5 points",2,,01/01/2023,12/31/2023
AR,HCHE_S1_S_RATE,"Percentage of facilities, in the state, reporting HCHE that scored 1 out of 5 points",4,,01/01/2023,12/31/2023
AR,HCHE_S2_S_RATE,"Percentage of facilities, in the state, reporting HCHE that scored 2 out of 5 points",6,,01/01/2023,12/31/2023
AR,HCHE_S3_S_RATE,"Percentage of facilities, in the state, reporting HCHE that scored 3 out of 5 points",4,,01/01/2023,12/31/2023
AR,HCHE_S4_S_RATE,"Percentage of facilities, in the state, reporting HCHE that scored 4 out of 5 points",6,,01/01/2023,12/31/2023
AR,HCHE_S5_S_RATE,"Percentage of facilities, in the state, reporting HCHE that scored 5 out of 5 points",80,,01/01/2023,12/31/2023
AS,HCHE_S0_S_RATE,"Percentage of facilities, in the state, reporting HCHE that scored 0 out of 5 points",Not Available,5,01/01/2023,12/31/2023
AS,HCHE_S1_S_RATE,"Percentage of facilities, in the state, reporting HCHE that scored 1 out of 5 points",Not Available,5,01/01/2023,12/31/2023
AS,HCHE_S2_S_RATE,"Percentage of facilities, in the state, reporting HCHE that scored 2 out of 5 points",Not Available,5,01/01/2023,12/31/2023
AS,HCHE_S3_S_RATE,"Percentage of facilities, in the state, reporting HCHE that scored 3 out of 5 points",Not Available,5,01/01/2023,12/31/2023
AS,HCHE_S4_S_RATE,"Percentage of facilities, in the state, reporting HCHE that scored 4 out of 5 points",Not Available,5,01/01/2023,12/31/2023
AS,HCHE_S5_S_RATE,"Percentage of facilities, in the state, reporting HCHE that scored 5 out of 5 points",Not Available,5,01/01/2023,12/31/2023
AZ,HCHE_S0_S_RATE,"Percentage of facilities, in the state, reporting HCHE that scored 0 out of 5 points",3,,01/01/2023,12/31/2023
AZ,HCHE_S1_S_RATE,"Percentage of facilities, in the state, reporting HCHE that scored 1 out of 5 points",6,,01/01/2023,12/31/2023
AZ,HCHE_S2_S_RATE,"Percentage of facilities, in the state, reporting HCHE that scored 2 out of 5 points",9,,01/01/2023,12/31/2023
AZ,HCHE_S3_S_RATE,"Percentage of facilities, in the state, reporting HCHE that scored 3 out of 5 points",23,,01/01/2023,12/31/2023
AZ,HCHE_S4_S_RATE,"Percentage of facilities, in the state, reporting HCHE that scored 4 out of 5 points",3,,01/01/2023,12/31/2023
AZ,HCHE_S5_S_RATE,"Percentage of facilities, in the state, reporting HCHE that scored 5 out of 5 points",55,,01/01/2023,12/31/2023
CA,HCHE_S0_S_RATE,"Percentage of facilities, in the state, reporting HCHE that scored 0 out of 5 points",1,,01/01/2023,12/31/2023
CA,HCHE_S1_S_RATE,"Percentage of facilities, in the state, reporting HCHE that scored 1 out of 5 points",4,,01/01/2023,12/31/2023
CA,HCHE_S2_S_RATE,"Percentage of facilities, in the state, reporting HCHE that scored 2 out of 5 points",4,,01/01/2023,12/31/2023
CA,HCHE_S3_S_RATE,"Percentage of facilities, in the state, reporting HCHE that scored 3 out of 5 points",8,,01/01/2023,12/31/2023
CA,HCHE_S4_S_RATE,"Percentage of facilities, in the state, reporting HCHE that scored 4 out of 5 points",11,,01/01/2023,12/31/2023
CA,HCHE_S5_S_RATE,"Percentage of facilities, in the state, reporting HCHE that scored 5 out of 5 points",73,,01/01/2023,12/31/2023
CO,HCHE_S0_S_RATE,"Percentage of facilities, in the state, reporting HCHE that scored 0 out of 5 points",0,,01/01/2023,12/31/2023
CO,HCHE_S1_S_RATE,"Percentage of facilities, in the state, reporting HCHE that scored 1 out of 5 points",0,,01/01/2023,12/31/2023
CO,HCHE_S2_S_RATE,"Percentage of facilities, in the state, reporting HCHE that scored 2 out of 5 points",0,,01/01/2023,12/31/2023
CO,HCHE_S3_S_RATE,"Percentage of facilities, in the state, reporting HCHE that scored 3 out of 5 points",2,,01/01/2023,12/31/2023
CO,HCHE_S4_S_RATE,"Percentage of facilities, in the state, reporting HCHE that scored 4 out of 5 points",5,,01/01/2023,12/31/2023
CO,HCHE_S5_S_RATE,"Percentage of facilities, in the state, reporting HCHE that scored 5 out of 5 points",93,,01/01/2023,12/31/2023
CT,HCHE_S0_S_RATE,"Percentage of facilities, in the state, reporting HCHE that scored 0 out of 5 points",0,,01/01/2023,12/31/2023
CT,HCHE_S1_S_RATE,"Percentage of facilities, in the state, reporting HCHE that scored 1 out of 5 points",8,,01/01/2023,12/31/2023
CT,HCHE_S2_S_RATE,"Percentage of facilities, in the state, reporting HCHE that scored 2 out of 5 points",4,,01/01/2023,12/31/2023
CT,HCHE_S3_S_RATE,"Percentage of facilities, in the state, reporting HCHE that scored 3 out of 5 points",8,,01/01/2023,12/31/2023
CT,HCHE_S4_S_RATE,"Percentage of facilities, in the state, reporting HCHE that scored 4 out of 5 points",12,,01/01/2023,12/31/2023
CT,HCHE_S5_S_RATE,"Percentage of facilities, in the state, reporting HCHE that scored 5 out of 5 points",69,,01/01/2023,12/31/2023
DC,HCHE_S0_S_RATE,"Percentage of facilities, in the state, reporting HCHE that scored 0 out of 5 points",17,,01/01/2023,12/31/2023
DC,HCHE_S1_S_RATE,"Percentage of facilities, in the state, reporting HCHE that scored 1 out of 5 points",0,,01/01/2023,12/31/2023
DC,HCHE_S2_S_RATE,"Percentage of facilities, in the state, reporting HCHE that scored 2 out of 5 points",0,,01/01/2023,12/31/2023
DC,HCHE_S3_S_RATE,"Percentage of facilities, in the state, reporting HCHE that scored 3 out of 5 points",0,,01/01/2023,12/31/2023
DC,HCHE_S4_S_RATE,"Percentage of facilities, in the state, reporting HCHE that scored 4 out of 5 points",0,,01/01/2023,12/31/2023
DC,HCHE_S5_S_RATE,"Percentage of facilities, in the state, reporting HCHE that scored 5 out of 5 points",83,,01/01/2023,12/31/2023
DE,HCHE_S0_S_RATE,"Percentage of facilities, in the state, reporting HCHE that scored 0 out of 5 points",0,,01/01/2023,12/31/2023
DE,HCHE_S1_S_RATE,"Percentage of facilities, in the state, reporting HCHE that scored 1 out of 5 points",0,,01/01/2023,12/31/2023
DE,HCHE_S2_S_RATE,"Percentage of facilities, in the state, reporting HCHE that scored 2 out of 5 points",0,,01/01/2023,12/31/2023
DE,HCHE_S3_S_RATE,"Percentage of facilities, in the state, reporting HCHE that scored 3 out of 5 points",0,,01/01/2023,12/31/2023
DE,HCHE_S4_S_RATE,"Percentage of facilities, in the state, reporting HCHE that scored 4 out of 5 points",0,,01/01/2023,12/31/2023
DE,HCHE_S5_S_RATE,"Percentage of facilities, in the state, reporting HCHE that scored 5 out of 5 points",100,,01/01/2023,12/31/2023
FL,HCHE_S0_S_RATE,"Percentage of facilities, in the state, reporting HCHE that scored 0 out of 5 points",1,,01/01/2023,12/31/2023
FL,HCHE_S1_S_RATE,"Percentage of facilities, in the state, reporting HCHE that scored 1 out of 5 points",0,,01/01/2023,12/31/2023
FL,HCHE_S2_S_RATE,"Percentage of facilities, in the state, reporting HCHE that scored 2 out of 5 points",2,,01/01/2023,12/31/2023
FL,HCHE_S3_S_RATE,"Percentage of facilities, in the state, reporting HCHE that scored 3 out of 5 points",2,,01/01/2023,12/31/2023
FL,HCHE_S4_S_RATE,"Percentage of facilities, in the state, reporting HCHE that scored 4 out of 5 points",11,,01/01/2023,12/31/2023
FL,HCHE_S5_S_RATE,"Percentage of facilities, in the state, reporting HCHE that scored 5 out of 5 points",85,,01/01/2023,12/31/2023
GA,HCHE_S0_S_RATE,"Percentage of facilities, in the state, reporting HCHE that scored 0 out of 5 points",3,,01/01/2023,12/31/2023
GA,HCHE_S1_S_RATE,"Percentage of facilities, in the state, reporting HCHE that scored 1 out of 5 points",0,,01/01/2023,12/31/2023
GA,HCHE_S2_S_RATE,"Percentage of facilities, in the state, reporting HCHE that scored 2 out of 5 points",5,,01/01/2023,12/31/2023
GA,HCHE_S3_S_RATE,"Percentage of facilities, in the state, reporting HCHE that scored 3 out of 5 points",3,,01/01/2023,12/31/2023
GA,HCHE_S4_S_RATE,"Percentage of facilities, in the state, reporting HCHE that scored 4 out of 5 points",22,,01/01/2023,12/31/2023
GA,HCHE_S5_S_RATE,"Percentage of facilities, in the state, reporting HCHE that scored 5 out of 5 points",68,,01/01/2023,12/31/2023
GU,HCHE_S0_S_RATE,"Percentage of facilities, in the state, reporting HCHE that scored 0 out of 5 points",Not Available,5,01/01/2023,12/31/2023
GU,HCHE_S1_S_RATE,"Percentage of facilities, in the state, reporting HCHE that scored 1 out of 5 points",Not Available,5,01/01/2023,12/31/2023
GU,HCHE_S2_S_RATE,"Percentage of facilities, in the state, reporting HCHE that scored 2 out of 5 points",Not Available,5,01/01/2023,12/31/2023
GU,HCHE_S3_S_RATE,"Percentage of facilities, in the state, reporting HCHE that scored 3 out of 5 points",Not Available,5,01/01/2023,12/31/2023
GU,HCHE_S4_S_RATE,"Percentage of facilities, in the state, reporting HCHE that scored 4 out of 5 points",Not Available,5,01/01/2023,12/31/2023
GU,HCHE_S5_S_RATE,"Percentage of facilities, in the state, reporting HCHE that scored 5 out of 5 points",Not Available,5,01/01/2023,12/31/2023
HI,HCHE_S0_S_RATE,"Percentage of facilities, in the state, reporting HCHE that scored 0 out of 5 points",7,,01/01/2023,12/31/2023
HI,HCHE_S1_S_RATE,"Percentage of facilities, in the state, reporting HCHE that scored 1 out of 5 points",0,,01/01/2023,12/31/2023
HI,HCHE_S2_S_RATE,"Percentage of facilities, in the state, reporting HCHE that scored 2 out of 5 points",0,,01/01/2023,12/31/2023
HI,HCHE_S3_S_RATE,"Percentage of facilities, in the state, reporting HCHE that scored 3 out of 5 points",7,,01/01/2023,12/31/2023
HI,HCHE_S4_S_RATE,"Percentage of facilities, in the state, reporting HCHE that scored 4 out of 5 points",7,,01/01/2023,12/31/2023
HI,HCHE_S5_S_RATE,"Percentage of facilities, in the state, reporting HCHE that scored 5 out of 5 points",79,,01/01/2023,12/31/2023
IA,HCHE_S0_S_RATE,"Percentage of facilities, in the state, reporting HCHE that scored 0 out of 5 points",2,,01/01/2023,12/31/2023
IA,HCHE_S1_S_RATE,"Percentage of facilities, in the state, reporting HCHE that scored 1 out of 5 points",9,,01/01/2023,12/31/2023
IA,HCHE_S2_S_RATE,"Percentage of facilities, in the state, reporting HCHE that scored 2 out of 5 points",12,,01/01/2023,12/31/2023
IA,HCHE_S3_S_RATE,"Percentage of facilities, in the state, reporting HCHE that scored 3 out of 5 points",12,,01/01/2023,12/31/2023
IA,HCHE_S4_S_RATE,"Percentage of facilities, in the state, reporting HCHE that scored 4 out of 5 points",14,,01/01/2023,12/31/2023
IA,HCHE_S5_S_RATE,"Percentage of facilities, in the state, reporting HCHE that scored 5 out of 5 points",51,,01/01/2023,12/31/2023
ID,HCHE_S0_S_RATE,"Percentage of facilities, in the state, reporting HCHE that scored 0 out of 5 points",9,,01/01/2023,12/31/2023
ID,HCHE_S1_S_RATE,"Percentage of facilities, in the state, reporting HCHE that scored 1 out of 5 points",5,,01/01/2023,12/31/2023
ID,HCHE_S2_S_RATE,"Percentage of facilities, in the state, reporting HCHE that scored 2 out of 5 points",18,,01/01/2023,12/31/2023
ID,HCHE_S3_S_RATE,"Percentage of facilities, in the state, reporting HCHE that scored 3 out of 5 points",18,,01/01/2023,12/31/2023
ID,HCHE_S4_S_RATE,"Percentage of facilities, in the state, reporting HCHE that scored 4 out of 5 points",0,,01/01/2023,12/31/2023
ID,HCHE_S5_S_RATE,"Percentage of facilities, in the state, reporting HCHE that scored 5 out of 5 points",50,,01/01/2023,12/31/2023
IL,HCHE_S0_S_RATE,"Percentage of facilities, in the state, reporting HCHE that scored 0 out of 5 points",0,,01/01/2023,12/31/2023
IL,HCHE_S1_S_RATE,"Percentage of facilities, in the state, reporting HCHE that scored 1 out of 5 points",1,,01/01/2023,12/31/2023
IL,HCHE_S2_S_RATE,"Percentage of facilities, in the state, reporting HCHE that scored 2 out of 5 points",5,,01/01/2023,12/31/2023
IL,HCHE_S3_S_RATE,"Percentage of facilities, in the state, reporting HCHE that scored 3 out of 5 points",4,,01/01/2023,12/31/2023
IL,HCHE_S4_S_RATE,"Percentage of facilities, in the state, reporting HCHE that scored 4 out of 5 points",22,,01/01/2023,12/31/2023
IL,HCHE_S5_S_RATE,"Percentage of facilities, in the state, reporting HCHE that scored 5 out of 5 points",68,,01/01/2023,12/31/2023
IN,HCHE_S0_S_RATE,"Percentage of facilities, in the state, reporting HCHE that scored 0 out of 5 points",4,,01/01/2023,12/31/2023
IN,HCHE_S1_S_RATE,"Percentage of facilities, in the state, reporting HCHE that scored 1 out of 5 points",3,,01/01/2023,12/31/2023
IN,HCHE_S2_S_RATE,"Percentage of facilities, in the state, reporting HCHE that scored 2 out of 5 points",0,,01/01/2023,12/31/2023
IN,HCHE_S3_S_RATE,"Percentage of facilities, in the state, reporting HCHE that scored 3 out of 5 points",3,,01/01/2023,12/31/2023
IN,HCHE_S4_S_RATE,"Percentage of facilities, in the state, reporting HCHE that scored 4 out of 5 points",5,,01/01/2023,12/31/2023
IN,HCHE_S5_S_RATE,"Percentage of facilities, in the state, reporting HCHE that scored 5 out of 5 points",86,,01/01/2023,12/31/2023
KS,HCHE_S0_S_RATE,"Percentage of facilities, in the state, reporting HCHE that scored 0 out of 5 points",3,,01/01/2023,12/31/2023
KS,HCHE_S1_S_RATE,"Percentage of facilities, in the state, reporting HCHE that scored 1 out of 5 points",3,,01/01/2023,12/31/2023
KS,HCHE_S2_S_RATE,"Percentage of facilities, in the state, reporting HCHE that scored 2 out of 5 points",7,,01/01/2023,12/31/2023
KS,HCHE_S3_S_RATE,"Percentage of facilities, in the state, reporting HCHE that scored 3 out of 5 points",8,,01/01/2023,12/31/2023
KS,HCHE_S4_S_RATE,"Percentage of facilities, in the state, reporting HCHE that scored 4 out of 5 points",7,,01/01/2023,12/31/2023
KS,HCHE_S5_S_RATE,"Percentage of facilities, in the state, reporting HCHE that scored 5 out of 5 points",72,,01/01/2023,12/31/2023
KY,HCHE_S0_S_RATE,"Percentage of facilities, in the state, reporting HCHE that scored 0 out of 5 points",3,,01/01/2023,12/31/2023
KY,HCHE_S1_S_RATE,"Percentage of facilities, in the state, reporting HCHE that scored 1 out of 5 points",16,,01/01/2023,12/31/2023
KY,HCHE_S2_S_RATE,"Percentage of facilities, in the state, reporting HCHE that scored 2 out of 5 points",1,,01/01/2023,12/31/2023
KY,HCHE_S3_S_RATE,"Percentage of facilities, in the state, reporting HCHE that scored 3 out of 5 points",8,,01/01/2023,12/31/2023
KY,HCHE_S4_S_RATE,"Percentage of facilities, in the state, reporting HCHE that scored 4 out of 5 points",13,,01/01/2023,12/31/2023
KY,HCHE_S5_S_RATE,"Percentage of facilities, in the state, reporting HCHE that scored 5 out of 5 points",60,,01/01/2023,12/31/2023
LA,HCHE_S0_S_RATE,"Percentage of facilities, in the state, reporting HCHE that scored 0 out of 5 points",2,,01/01/2023,12/31/2023
LA,HCHE_S1_S_RATE,"Percentage of facilities, in the state, reporting HCHE that scored 1 out of 5 points",7,,01/01/2023,12/31/2023
LA,HCHE_S2_S_RATE,"Percentage of facilities, in the state, reporting HCHE that scored 2 out of 5 points",1,,01/01/2023,12/31/2023
LA,HCHE_S3_S_RATE,"Percentage of facilities, in the state, reporting HCHE that scored 3 out of 5 points",7,,01/01/2023,12/31/2023
LA,HCHE_S4_S_RATE,"Percentage of facilities, in the state, reporting HCHE that scored 4 out of 5 points",7,,01/01/2023,12/31/2023
LA,HCHE_S5_S_RATE,"Percentage of facilities, in the state, reporting HCHE that scored 5 out of 5 points",76,,01/01/2023,12/31/2023
MA,HCHE_S0_S_RATE,"Percentage of facilities, in the state, reporting HCHE that scored 0 out of 5 points",2,,01/01/2023,12/31/2023
MA,HCHE_S1_S_RATE,"Percentage of facilities, in the state, reporting HCHE that scored 1 out of 5 points",0,,01/01/2023,12/31/2023
MA,HCHE_S2_S_RATE,"Percentage of facilities, in the state, reporting HCHE that scored 2 out of 5 points",0,,01/01/2023,12/31/2023
MA,HCHE_S3_S_RATE,"Percentage of facilities, in the state, reporting HCHE that scored 3 out of 5 points",4,,01/01/2023,12/31/2023
MA,HCHE_S4_S_RATE,"Percentage of facilities, in the state, reporting HCHE that scored 4 out of 5 points",7,,01/01/2023,12/31/2023
MA,HCHE_S5_S_RATE,"Percentage of facilities, in the state, reporting HCHE that scored 5 out of 5 points",88,,01/01/2023,12/31/2023
MD,HCHE_S0_S_RATE,"Percentage of facilities, in the state, reporting HCHE that scored 0 out of 5 points",0,,01/01/2023,12/31/2023
MD,HCHE_S1_S_RATE,"Percentage of facilities, in the state, reporting HCHE that scored 1 out of 5 points",0,,01/01/2023,12/31/2023
MD,HCHE_S2_S_RATE,"Percentage of facilities, in the state, reporting HCHE that scored 2 out of 5 points",0,,01/01/2023,12/31/2023
MD,HCHE_S3_S_RATE,"Percentage of facilities, in the state, reporting HCHE that scored 3 out of 5 points",0,,01/01/2023,12/31/2023
MD,HCHE_S4_S_RATE,"Percentage of facilities, in the state, reporting HCHE that scored 4 out of 5 points",5,,01/01/2023,12/31/2023
MD,HCHE_S5_S_RATE,"Percentage of facilities, in the state, reporting HCHE that scored 5 out of 5 points",95,,01/01/2023,12/31/2023
ME,HCHE_S0_S_RATE,"Percentage of facilities, in the state, reporting HCHE that scored 0 out of 5 points",0,,01/01/2023,12/31/2023
ME,HCHE_S1_S_RATE,"Percentage of facilities, in the state, reporting HCHE that scored 1 out of 5 points",4,,01/01/2023,12/31/2023
ME,HCHE_S2_S_RATE,"Percentage of facilities, in the state, reporting HCHE that scored 2 out of 5 points",9,,01/01/2023,12/31/2023
ME,HCHE_S3_S_RATE,"Percentage of facilities, in the state, reporting HCHE that scored 3 out of 5 points",0,,01/01/2023,12/31/2023
ME,HCHE_S4_S_RATE,"Percentage of facilities, in the state, reporting HCHE that scored 4 out of 5 points",13,,01/01/2023,12/31/2023
ME,HCHE_S5_S_RATE,"Percentage of facilities, in the state, reporting HCHE that scored 5 out of 5 points",74,,01/01/2023,12/31/2023
MI,HCHE_S0_S_RATE,"Percentage of facilities, in the state, reporting HCHE that scored 0 out of 5 points",3,,01/01/2023,12/31/2023
MI,HCHE_S1_S_RATE,"Percentage of facilities, in the state, reporting HCHE that scored 1 out of 5 points",4,,01/01/2023,12/31/2023
MI,HCHE_S2_S_RATE,"Percentage of facilities, in the state, reporting HCHE that scored 2 out of 5 points",9,,01/01/2023,12/31/2023
MI,HCHE_S3_S_RATE,"Percentage of facilities, in the state, reporting HCHE that scored 3 out of 5 points",10,,01/01/2023,12/31/2023
MI,HCHE_S4_S_RATE,"Percentage of facilities, in the state, reporting HCHE that scored 4 out of 5 points",11,,01/01/2023,12/31/2023
MI,HCHE_S5_S_RATE,"Percentage of facilities, in the state, reporting HCHE that scored 5 out of 5 points",63,,01/01/2023,12/31/2023
MN,HCHE_S0_S_RATE,"Percentage of facilities, in the state, reporting HCHE that scored 0 out of 5 points",0,,01/01/2023,12/31/2023
MN,HCHE_S1_S_RATE,"Percentage of facilities, in the state, reporting HCHE that scored 1 out of 5 points",2,,01/01/2023,12/31/2023
MN,HCHE_S2_S_RATE,"Percentage of facilities, in the state, reporting HCHE that scored 2 out of 5 points",6,,01/01/2023,12/31/2023
MN,HCHE_S3_S_RATE,"Percentage of facilities, in the state, reporting HCHE that scored 3 out of 5 points",3,,01/01/2023,12/31/2023
MN,HCHE_S4_S_RATE,"Percentage of facilities, in the state, reporting HCHE that scored 4 out of 5 points",2,,01/01/2023,12/31/2023
MN,HCHE_S5_S_RATE,"Percentage of facilities, in the state, reporting HCHE that scored 5 out of 5 points",88,,01/01/2023,12/31/2023
MO,HCHE_S0_S_RATE,"Percentage of facilities, in the state, reporting HCHE that scored 0 out of 5 points",0,,01/01/2023,12/31/2023
MO,HCHE_S1_S_RATE,"Percentage of facilities, in the state, reporting HCHE that scored 1 out of 5 points",6,,01/01/2023,12/31/2023
MO,HCHE_S2_S_RATE,"Percentage of facilities, in the state, reporting HCHE that scored 2 out of 5 points",2,,01/01/2023,12/31/2023
MO,HCHE_S3_S_RATE,"Percentage of facilities, in the state, reporting HCHE that scored 3 out of 5 points",6,,01/01/2023,12/31/2023
MO,HCHE_S4_S_RATE,"Percentage of facilities, in the state, reporting HCHE that scored 4 out of 5 points",2,,01/01/2023,12/31/2023
MO,HCHE_S5_S_RATE,"Percentage of facilities, in the state, reporting HCHE that scored 5 out of 5 points",82,,01/01/2023,12/31/2023
MP,HCHE_S0_S_RATE,"Percentage of facilities, in the state, reporting HCHE that scored 0 out of 5 points",Not Available,5,01/01/2023,12/31/2023
MP,HCHE_S1_S_RATE,"Percentage of facilities, in the state, reporting HCHE that scored 1 out of 5 points",Not Available,5,01/01/2023,12/31/2023
MP,HCHE_S2_S_RATE,"Percentage of facilities, in the state, reporting HCHE that scored 2 out of 5 points",Not Available,5,01/01/2023,12/31/2023
MP,HCHE_S3_S_RATE,"Percentage of facilities, in the state, reporting HCHE that scored 3 out of 5 points",Not Available,5,01/01/2023,12/31/2023
MP,HCHE_S4_S_RATE,"Percentage of facilities, in the state, reporting HCHE that scored 4 out of 5 points",Not Available,5,01/01/2023,12/31/2023
MP,HCHE_S5_S_RATE,"Percentage of facilities, in the state, reporting HCHE that scored 5 out of 5 points",Not Available,5,01/01/2023,12/31/2023
MS,HCHE_S0_S_RATE,"Percentage of facilities, in the state, reporting HCHE that scored 0 out of 5 points",7,,01/01/2023,12/31/2023
MS,HCHE_S1_S_RATE,"Percentage of facilities, in the state, reporting HCHE that scored 1 out of 5 points",0,,01/01/2023,12/31/2023
MS,HCHE_S2_S_RATE,"Percentage of facilities, in the state, reporting HCHE that scored 2 out of 5 points",11,,01/01/2023,12/31/2023
MS,HCHE_S3_S_RATE,"Percentage of facilities, in the state, reporting HCHE that scored 3 out of 5 points",7,,01/01/2023,12/31/2023
MS,HCHE_S4_S_RATE,"Percentage of facilities, in the state, reporting HCHE that scored 4 out of 5 points",4,,01/01/2023,12/31/2023
MS,HCHE_S5_S_RATE,"Percentage of facilities, in the state, reporting HCHE that scored 5 out of 5 points",71,,01/01/2023,12/31/2023
MT,HCHE_S0_S_RATE,"Percentage of facilities, in the state, reporting HCHE that scored 0 out of 5 points",0,,01/01/2023,12/31/2023
MT,HCHE_S1_S_RATE,"Percentage of facilities, in the state, reporting HCHE that scored 1 out of 5 points",15,,01/01/2023,12/31/2023
MT,HCHE_S2_S_RATE,"Percentage of facilities, in the state, reporting HCHE that scored 2 out of 5 points",0,,01/01/2023,12/31/2023
MT,HCHE_S3_S_RATE,"Percentage of facilities, in the state, reporting HCHE that scored 3 out of 5 points",5,,01/01/2023,12/31/2023
MT,HCHE_S4_S_RATE,"Percentage of facilities, in the state, reporting HCHE that scored 4 out of 5 points",0,,01/01/2023,12/31/2023
MT,HCHE_S5_S_RATE,"Percentage of facilities, in the state, reporting HCHE that scored 5 out of 5 points",80,,01/01/2023,12/31/2023
NC,HCHE_S0_S_RATE,"Percentage of facilities, in the state, reporting HCHE that scored 0 out of 5 points",0,,01/01/2023,12/31/2023
NC,HCHE_S1_S_RATE,"Percentage of facilities, in the state, reporting HCHE that scored 1 out of 5 points",0,,01/01/2023,12/31/2023
NC,HCHE_S2_S_RATE,"Percentage of facilities, in the state, reporting HCHE that scored 2 out of 5 points",4,,01/01/2023,12/31/2023
NC,HCHE_S3_S_RATE,"Percentage of facilities, in the state, reporting HCHE that scored 3 out of 5 points",3,,01/01/2023,12/31/2023
NC,HCHE_S4_S_RATE,"Percentage of facilities, in the state, reporting HCHE that scored 4 out of 5 points",5,,01/01/2023,12/31/2023
NC,HCHE_S5_S_RATE,"Percentage of facilities, in the state, reporting HCHE that scored 5 out of 5 points",87,,01/01/2023,12/31/2023
ND,HCHE_S0_S_RATE,"Percentage of facilities, in the state, reporting HCHE that scored 0 out of 5 points",14,,01/01/2023,12/31/2023
ND,HCHE_S1_S_RATE,"Percentage of facilities, in the state, reporting HCHE that scored 1 out of 5 points",29,,01/01/2023,12/31/2023
ND,HCHE_S2_S_RATE,"Percentage of facilities, in the state, reporting HCHE that scored 2 out of 5 points",0,,01/01/2023,12/31/2023
ND,HCHE_S3_S_RATE,"Percentage of facilities, in the state, reporting HCHE that scored 3 out of 5 points",0,,01/01/2023,12/31/2023
ND,HCHE_S4_S_RATE,"Percentage of facilities, in the state, reporting HCHE that scored 4 out of 5 points",0,,01/01/2023,12/31/2023
ND,HCHE_S5_S_RATE,"Percentage of facilities, in the state, reporting HCHE that scored 5 out of 5 points",57,,01/01/2023,12/31/2023
NE,HCHE_S0_S_RATE,"Percentage of facilities, in the state, reporting HCHE that scored 0 out of 5 points",3,,01/01/2023,12/31/2023
NE,HCHE_S1_S_RATE,"Percentage of facilities, in the state, reporting HCHE that scored 1 out of 5 points",0,,01/01/2023,12/31/2023
NE,HCHE_S2_S_RATE,"Percentage of facilities, in the state, reporting HCHE that scored 2 out of 5 points",7,,01/01/2023,12/31/2023
NE,HCHE_S3_S_RATE,"Percentage of facilities, in the state, reporting HCHE that scored 3 out of 5 points",10,,01/01/2023,12/31/2023
NE,HCHE_S4_S_RATE,"Percentage of facilities, in the state, reporting HCHE that scored 4 out of 5 points",0,,01/01/2023,12/31/2023
NE,HCHE_S5_S_RATE,"Percentage of facilities, in the state, reporting HCHE that scored 5 out of 5 points",80,,01/01/2023,12/31/2023
NH,HCHE_S0_S_RATE,"Percentage of facilities, in the state, reporting HCHE that scored 0 out of 5 points",0,,01/01/2023,12/31/2023
NH,HCHE_S1_S_RATE,"Percentage of facilities, in the state, reporting HCHE that scored 1 out of 5 points",0,,01/01/2023,12/31/2023
NH,HCHE_S2_S_RATE,"Percentage of facilities, in the state, reporting HCHE that scored 2 out of 5 points",6,,01/01/2023,12/31/2023
NH,HCHE_S3_S_RATE,"Percentage of facilities, in the state, reporting HCHE that scored 3 out of 5 points",33,,01/01/2023,12/31/2023
NH,HCHE_S4_S_RATE,"Percentage of facilities, in the state, reporting HCHE that scored 4 out of 5 points",28,,01/01/2023,12/31/2023
NH,HCHE_S5_S_RATE,"Percentage of facilities, in the state, reporting HCHE that scored 5 out of 5 points",33,,01/01/2023,12/31/2023
NJ,HCHE_S0_S_RATE,"Percentage of facilities, in the state, reporting HCHE that scored 0 out of 5 points",0,,01/01/2023,12/31/2023
NJ,HCHE_S1_S_RATE,"Percentage of facilities, in the state, reporting HCHE that scored 1 out of 5 points",0,,01/01/2023,12/31/2023
NJ,HCHE_S2_S_RATE,"Percentage of facilities, in the state, reporting HCHE that scored 2 out of 5 points",0,,01/01/2023,12/31/2023
NJ,HCHE_S3_S_RATE,"Percentage of facilities, in the state, reporting HCHE that scored 3 out of 5 points",8,,01/01/2023,12/31/2023
NJ,HCHE_S4_S_RATE,"Percentage of facilities, in the state, reporting HCHE that scored 4 out of 5 points",3,,01/01/2023,12/31/2023
NJ,HCHE_S5_S_RATE,"Percentage of facilities, in the state, reporting HCHE that scored 5 out of 5 points",89,,01/01/2023,12/31/2023
NM,HCHE_S0_S_RATE,"Percentage of facilities, in the state, reporting HCHE that scored 0 out of 5 points",0,,01/01/2023,12/31/2023
NM,HCHE_S1_S_RATE,"Percentage of facilities, in the state, reporting HCHE that scored 1 out of 5 points",0,,01/01/2023,12/31/2023
NM,HCHE_S2_S_RATE,"Percentage of facilities, in the state, reporting HCHE that scored 2 out of 5 points",3,,01/01/2023,12/31/2023
NM,HCHE_S3_S_RATE,"Percentage of facilities, in the state, reporting HCHE that scored 3 out of 5 points",0,,01/01/2023,12/31/2023
NM,HCHE_S4_S_RATE,"Percentage of facilities, in the state, reporting HCHE that scored 4 out of 5 points",20,,01/01/2023,12/31/2023
NM,HCHE_S5_S_RATE,"Percentage of facilities, in the state, reporting HCHE that scored 5 out of 5 points",77,,01/01/2023,12/31/2023
NV,HCHE_S0_S_RATE,"Percentage of facilities, in the state, reporting HCHE that scored 0 out of 5 points",0,,01/01/2023,12/31/2023
NV,HCHE_S1_S_RATE,"Percentage of facilities, in the state, reporting HCHE that scored 1 out of 5 points",4,,01/01/2023,12/31/2023
NV,HCHE_S2_S_RATE,"Percentage of facilities, in the state, reporting HCHE that scored 2 out of 5 points",0,,01/01/2023,12/31/2023
NV,HCHE_S3_S_RATE,"Percentage of facilities, in the state, reporting HCHE that scored 3 out of 5 points",8,,01/01/2023,12/31/2023
NV,HCHE_S4_S_RATE,"Percentage of facilities, in the state, reporting HCHE that scored 4 out of 5 points",8,,01/01/2023,12/31/2023
NV,HCHE_S5_S_RATE,"Percentage of facilities, in the state, reporting HCHE that scored 5 out of 5 points",80,,01/01/2023,12/31/2023
NY,HCHE_S0_S_RATE,"Percentage of facilities, in the state, reporting HCHE that scored 0 out of 5 points",0,,01/01/2023,12/31/2023
NY,HCHE_S1_S_RATE,"Percentage of facilities, in the state, reporting HCHE that scored 1 out of 5 points",9,,01/01/2023,12/31/2023
NY,HCHE_S2_S_RATE,"Percentage of facilities, in the state, reporting HCHE that scored 2 out of 5 points",4,,01/01/2023,12/31/2023
NY,HCHE_S3_S_RATE,"Percentage of facilities, in the state, reporting HCHE that scored 3 out of 5 points",6,,01/01/2023,12/31/2023
NY,HCHE_S4_S_RATE,"Percentage of facilities, in the state, reporting HCHE that scored 4 out of 5 points",8,,01/01/2023,12/31/2023
NY,HCHE_S5_S_RATE,"Percentage of facilities, in the state, reporting HCHE that scored 5 out of 5 points",73,,01/01/2023,12/31/2023
OH,HCHE_S0_S_RATE,"Percentage of facilities, in the state, reporting HCHE that scored 0 out of 5 points",0,,01/01/2023,12/31/2023
OH,HCHE_S1_S_RATE,"Percentage of facilities, in the state, reporting HCHE that scored 1 out of 5 points",5,,01/01/2023,12/31/2023
OH,HCHE_S2_S_RATE,"Percentage of facilities, in the state, reporting HCHE that scored 2 out of 5 points",6,,01/01/2023,12/31/2023
OH,HCHE_S3_S_RATE,"Percentage of facilities, in the state, reporting HCHE that scored 3 out of 5 points",9,,01/01/2023,12/31/2023
OH,HCHE_S4_S_RATE,"Percentage of facilities, in the state, reporting HCHE that scored 4 out of 5 points",12,,01/01/2023,12/31/2023
OH,HCHE_S5_S_RATE,"Percentage of facilities, in the state, reporting HCHE that scored 5 out of 5 points",68,,01/01/2023,12/31/2023
OK,HCHE_S0_S_RATE,"Percentage of facilities, in the state, reporting HCHE that scored 0 out of 5 points",7,,01/01/2023,12/31/2023
OK,HCHE_S1_S_RATE,"Percentage of facilities, in the state, reporting HCHE that scored 1 out of 5 points",8,,01/01/2023,12/31/2023
OK,HCHE_S2_S_RATE,"Percentage of facilities, in the state, reporting HCHE that scored 2 out of 5 points",5,,01/01/2023,12/31/2023
OK,HCHE_S3_S_RATE,"Percentage of facilities, in the state, reporting HCHE that scored 3 out of 5 points",8,,01/01/2023,12/31/2023
OK,HCHE_S4_S_RATE,"Percentage of facilities, in the state, reporting HCHE that scored 4 out of 5 points",14,,01/01/2023,12/31/2023
OK,HCHE_S5_S_RATE,"Percentage of facilities, in the state, reporting HCHE that scored 5 out of 5 points",57,,01/01/2023,12/31/2023
OR,HCHE_S0_S_RATE,"Percentage of facilities, in the state, reporting HCHE that scored 0 out of 5 points",0,,01/01/2023,12/31/2023
OR,HCHE_S1_S_RATE,"Percentage of facilities, in the state, reporting HCHE that scored 1 out of 5 points",9,,01/01/2023,12/31/2023
OR,HCHE_S2_S_RATE,"Percentage of facilities, in the state, reporting HCHE that scored 2 out of 5 points",0,,01/01/2023,12/31/2023
OR,HCHE_S3_S_RATE,"Percentage of facilities, in the state, reporting HCHE that scored 3 out of 5 points",9,,01/01/2023,12/31/2023
OR,HCHE_S4_S_RATE,"Percentage of facilities, in the state, reporting HCHE that scored 4 out of 5 points",18,,01/01/2023,12/31/2023
OR,HCHE_S5_S_RATE,"Percentage of facilities, in the state, reporting HCHE that scored 5 out of 5 points",64,,01/01/2023,12/31/2023
PA,HCHE_S0_S_RATE,"Percentage of facilities, in the state, reporting HCHE that scored 0 out of 5 points",3,,01/01/2023,12/31/2023
PA,HCHE_S1_S_RATE,"Percentage of facilities, in the state, reporting HCHE that scored 1 out of 5 points",1,,01/01/2023,12/31/2023
PA,HCHE_S2_S_RATE,"Percentage of facilities, in the state, reporting HCHE that scored 2 out of 5 points",3,,01/01/2023,12/31/2023
PA,HCHE_S3_S_RATE,"Percentage of facilities, in the state, reporting HCHE that scored 3 out of 5 points",3,,01/01/2023,12/31/2023
PA,HCHE_S4_S_RATE,"Percentage of facilities, in the state, reporting HCHE that scored 4 out of 5 points",5,,01/01/2023,12/31/2023
PA,HCHE_S5_S_RATE,"Percentage of facilities, in the state, reporting HCHE that scored 5 out of 5 points",85,,01/01/2023,12/31/2023
PR,HCHE_S0_S_RATE,"Percentage of facilities, in the state, reporting HCHE that scored 0 out of 5 points",0,,01/01/2023,12/31/2023
PR,HCHE_S1_S_RATE,"Percentage of facilities, in the state, reporting HCHE that scored 1 out of 5 points",0,,01/01/2023,12/31/2023
PR,HCHE_S2_S_RATE,"Percentage of facilities, in the state, reporting HCHE that scored 2 out of 5 points",0,,01/01/2023,12/31/2023
PR,HCHE_S3_S_RATE,"Percentage of facilities, in the state, reporting HCHE that scored 3 out of 5 points",0,,01/01/2023,12/31/2023
PR,HCHE_S4_S_RATE,"Percentage of facilities, in the state, reporting HCHE that scored 4 out of 5 points",20,,01/01/2023,12/31/2023
PR,HCHE_S5_S_RATE,"Percentage of facilities, in the state, reporting HCHE that scored 5 out of 5 points",80,,01/01/2023,12/31/2023
RI,HCHE_S0_S_RATE,"Percentage of facilities, in the state, reporting HCHE that scored 0 out of 5 points",0,,01/01/2023,12/31/2023
RI,HCHE_S1_S_RATE,"Percentage of facilities, in the state, reporting HCHE that scored 1 out of 5 points",0,,01/01/2023,12/31/2023
RI,HCHE_S2_S_RATE,"Percentage of facilities, in the state, reporting HCHE that scored 2 out of 5 points",0,,01/01/2023,12/31/2023
RI,HCHE_S3_S_RATE,"Percentage of facilities, in the state, reporting HCHE that scored 3 out of 5 points",0,,01/01/2023,12/31/2023
RI,HCHE_S4_S_RATE,"Percentage of facilities, in the state, reporting HCHE that scored 4 out of 5 points",10,,01/01/2023,12/31/2023
RI,HCHE_S5_S_RATE,"Percentage of facilities, in the state, reporting HCHE that scored 5 out of 5 points",90,,01/01/2023,12/31/2023
SC,HCHE_S0_S_RATE,"Percentage of facilities, in the state, reporting HCHE that scored 0 out of 5 points",0,,01/01/2023,12/31/2023
SC,HCHE_S1_S_RATE,"Percentage of facilities, in the state, reporting HCHE that scored 1 out of 5 points",0,,01/01/2023,12/31/2023
SC,HCHE_S2_S_RATE,"Percentage of facilities, in the state, reporting HCHE that scored 2 out of 5 points",4,,01/01/2023,12/31/2023
SC,HCHE_S3_S_RATE,"Percentage of facilities, in the state, reporting HCHE that scored 3 out of 5 points",4,,01/01/2023,12/31/2023
SC,HCHE_S4_S_RATE,"Percentage of facilities, in the state, reporting HCHE that scored 4 out of 5 points",17,,01/01/2023,12/31/2023
SC,HCHE_S5_S_RATE,"Percentage of facilities, in the state, reporting HCHE that scored 5 out of 5 points",75,,01/01/2023,12/31/2023
SD,HCHE_S0_S_RATE,"Percentage of facilities, in the state, reporting HCHE that scored 0 out of 5 points",0,,01/01/2023,12/31/2023
SD,HCHE_S1_S_RATE,"Percentage of facilities, in the state, reporting HCHE that scored 1 out of 5 points",5,,01/01/2023,12/31/2023
SD,HCHE_S2_S_RATE,"Percentage of facilities, in the state, reporting HCHE that scored 2 out of 5 points",10,,01/01/2023,12/31/2023
SD,HCHE_S3_S_RATE,"Percentage of facilities, in the state, reporting HCHE that scored 3 out of 5 points",10,,01/01/2023,12/31/2023
SD,HCHE_S4_S_RATE,"Percentage of facilities, in the state, reporting HCHE that scored 4 out of 5 points",5,,01/01/2023,12/31/2023
SD,HCHE_S5_S_RATE,"Percentage of facilities, in the state, reporting HCHE that scored 5 out of 5 points",71,,01/01/2023,12/31/2023
TN,HCHE_S0_S_RATE,"Percentage of facilities, in the state, reporting HCHE that scored 0 out of 5 points",1,,01/01/2023,12/31/2023
TN,HCHE_S1_S_RATE,"Percentage of facilities, in the state, reporting HCHE that scored 1 out of 5 points",1,,01/01/2023,12/31/2023
TN,HCHE_S2_S_RATE,"Percentage of facilities, in the state, reporting HCHE that scored 2 out of 5 points",2,,01/01/2023,12/31/2023
TN,HCHE_S3_S_RATE,"Percentage of facilities, in the state, reporting HCHE that scored 3 out of 5 points",2,,01/01/2023,12/31/2023
TN,HCHE_S4_S_RATE,"Percentage of facilities, in the state, reporting HCHE that scored 4 out of 5 points",2,,01/01/2023,12/31/2023
TN,HCHE_S5_S_RATE,"Percentage of facilities, in the state, reporting HCHE that scored 5 out of 5 points",91,,01/01/2023,12/31/2023
TX,HCHE_S0_S_RATE,"Percentage of facilities, in the state, reporting HCHE that scored 0 out of 5 points",4,,01/01/2023,12/31/2023
TX,HCHE_S1_S_RATE,"Percentage of facilities, in the state, reporting HCHE that scored 1 out of 5 points",6,,01/01/2023,12/31/2023
TX,HCHE_S2_S_RATE,"Percentage of facilities, in the state, reporting HCHE that scored 2 out of 5 points",8,,01/01/2023,12/31/2023
TX,HCHE_S3_S_RATE,"Percentage of facilities, in the state, reporting HCHE that scored 3 out of 5 points",4,,01/01/2023,12/31/2023
TX,HCHE_S4_S_RATE,"Percentage of facilities, in the state, reporting HCHE that scored 4 out of 5 points",10,,01/01/2023,12/31/2023
TX,HCHE_S5_S_RATE,"Percentage of facilities, in the state, reporting HCHE that scored 5 out of 5 points",68,,01/01/2023,12/31/2023
UT,HCHE_S0_S_RATE,"Percentage of facilities, in the state, reporting HCHE that scored 0 out of 5 points",0,,01/01/2023,12/31/2023
UT,HCHE_S1_S_RATE,"Percentage of facilities, in the state, reporting HCHE that scored 1 out of 5 points",0,,01/01/2023,12/31/2023
UT,HCHE_S2_S_RATE,"Percentage of facilities, in the state, reporting HCHE that scored 2 out of 5 points",0,,01/01/2023,12/31/2023
UT,HCHE_S3_S_RATE,"Percentage of facilities, in the state, reporting HCHE that scored 3 out of 5 points",0,,01/01/2023,12/31/2023
UT,HCHE_S4_S_RATE,"Percentage of facilities, in the state, reporting HCHE that scored 4 out of 5 points",8,,01/01/2023,12/31/2023
UT,HCHE_S5_S_RATE,"Percentage of facilities, in the state, reporting HCHE that scored 5 out of 5 points",92,,01/01/2023,12/31/2023
VA,HCHE_S0_S_RATE,"Percentage of facilities, in the state, reporting HCHE that scored 0 out of 5 points",0,,01/01/2023,12/31/2023
VA,HCHE_S1_S_RATE,"Percentage of facilities, in the state, reporting HCHE that scored 1 out of 5 points",0,,01/01/2023,12/31/2023
VA,HCHE_S2_S_RATE,"Percentage of facilities, in the state, reporting HCHE that scored 2 out of 5 points",0,,01/01/2023,12/31/2023
VA,HCHE_S3_S_RATE,"Percentage of facilities, in the state, reporting HCHE that scored 3 out of 5 points",8,,01/01/2023,12/31/2023
VA,HCHE_S4_S_RATE,"Percentage of facilities, in the state, reporting HCHE that scored 4 out of 5 points",18,,01/01/2023,12/31/2023
VA,HCHE_S5_S_RATE,"Percentage of facilities, in the state, reporting HCHE that scored 5 out of 5 points",74,,01/01/2023,12/31/2023
VI,HCHE_S0_S_RATE,"Percentage of facilities, in the state, reporting HCHE that scored 0 out of 5 points",Not Available,5,01/01/2023,12/31/2023
VI,HCHE_S1_S_RATE,"Percentage of facilities, in the state, reporting HCHE that scored 1 out of 5 points",Not Available,5,01/01/2023,12/31/2023
VI,HCHE_S2_S_RATE,"Percentage of facilities, in the state, reporting HCHE that scored 2 out of 5 points",Not Available,5,01/01/2023,12/31/2023
VI,HCHE_S3_S_RATE,"Percentage of facilities, in the state, reporting HCHE that scored 3 out of 5 points",Not Available,5,01/01/2023,12/31/2023
VI,HCHE_S4_S_RATE,"Percentage of facilities, in the state, reporting HCHE that scored 4 out of 5 points",Not Available,5,01/01/2023,12/31/2023
VI,HCHE_S5_S_RATE,"Percentage of facilities, in the state, reporting HCHE that scored 5 out of 5 points",Not Available,5,01/01/2023,12/31/2023
VT,HCHE_S0_S_RATE,"Percentage of facilities, in the state, reporting HCHE that scored 0 out of 5 points",0,,01/01/2023,12/31/2023
VT,HCHE_S1_S_RATE,"Percentage of facilities, in the state, reporting HCHE that scored 1 out of 5 points",0,,01/01/2023,12/31/2023
VT,HCHE_S2_S_RATE,"Percentage of facilities, in the state, reporting HCHE that scored 2 out of 5 points",0,,01/01/2023,12/31/2023
VT,HCHE_S3_S_RATE,"Percentage of facilities, in the state, reporting HCHE that scored 3 out of 5 points",0,,01/01/2023,12/31/2023
VT,HCHE_S4_S_RATE,"Percentage of facilities, in the state, reporting HCHE that scored 4 out of 5 points",14,,01/01/2023,12/31/2023
VT,HCHE_S5_S_RATE,"Percentage of facilities, in the state, reporting HCHE that scored 5 out of 5 points",86,,01/01/2023,12/31/2023
WA,HCHE_S0_S_RATE,"Percentage of facilities, in the state, reporting HCHE that scored 0 out of 5 points",2,,01/01/2023,12/31/2023
WA,HCHE_S1_S_RATE,"Percentage of facilities, in the state, reporting HCHE that scored 1 out of 5 points",2,,01/01/2023,12/31/2023
WA,HCHE_S2_S_RATE,"Percentage of facilities, in the state, reporting HCHE that scored 2 out of 5 points",9,,01/01/2023,12/31/2023
WA,HCHE_S3_S_RATE,"Percentage of facilities, in the state, reporting HCHE that scored 3 out of 5 points",2,,01/01/2023,12/31/2023
WA,HCHE_S4_S_RATE,"Percentage of facilities, in the state, reporting HCHE that scored 4 out of 5 points",16,,01/01/2023,12/31/2023
WA,HCHE_S5_S_RATE,"Percentage of facilities, in the state, reporting HCHE that scored 5 out of 5 points",69,,01/01/2023,12/31/2023
WI,HCHE_S0_S_RATE,"Percentage of facilities, in the state, reporting HCHE that scored 0 out of 5 points",2,,01/01/2023,12/31/2023
WI,HCHE_S1_S_RATE,"Percentage of facilities, in the state, reporting HCHE that scored 1 out of 5 points",0,,01/01/2023,12/31/2023
WI,HCHE_S2_S_RATE,"Percentage of facilities, in the state, reporting HCHE that scored 2 out of 5 points",9,,01/01/2023,12/31/2023
WI,HCHE_S3_S_RATE,"Percentage of facilities, in the state, reporting HCHE that scored 3 out of 5 points",0,,01/01/2023,12/31/2023
WI,HCHE_S4_S_RATE,"Percentage of facilities, in the state, reporting HCHE that scored 4 out of 5 points",7,,01/01/2023,12/31/2023
WI,HCHE_S5_S_RATE,"Percentage of facilities, in the state, reporting HCHE that scored 5 out of 5 points",82,,01/01/2023,12/31/2023
WV,HCHE_S0_S_RATE,"Percentage of facilities, in the state, reporting HCHE that scored 0 out of 5 points",0,,01/01/2023,12/31/2023
WV,HCHE_S1_S_RATE,"Percentage of facilities, in the state, reporting HCHE that scored 1 out of 5 points",17,,01/01/2023,12/31/2023
WV,HCHE_S2_S_RATE,"Percentage of facilities, in the state, reporting HCHE that scored 2 out of 5 points",3,,01/01/2023,12/31/2023
WV,HCHE_S3_S_RATE,"Percentage of facilities, in the state, reporting HCHE that scored 3 out of 5 points",3,,01/01/2023,12/31/2023
WV,HCHE_S4_S_RATE,"Percentage of facilities, in the state, reporting HCHE that scored 4 out of 5 points",6,,01/01/2023,12/31/2023
WV,HCHE_S5_S_RATE,"Percentage of facilities, in the state, reporting HCHE that scored 5 out of 5 points",71,,01/01/2023,12/31/2023
WY,HCHE_S0_S_RATE,"Percentage of facilities, in the state, reporting HCHE that scored 0 out of 5 points",7,,01/01/2023,12/31/2023
WY,HCHE_S1_S_RATE,"Percentage of facilities, in the state, reporting HCHE that scored 1 out of 5 points",36,,01/01/2023,12/31/2023
WY,HCHE_S2_S_RATE,"Percentage of facilities, in the state, reporting HCHE that scored 2 out of 5 points",7,,01/01/2023,12/31/2023
WY,HCHE_S3_S_RATE,"Percentage of facilities, in the state, reporting HCHE that scored 3 out of 5 points",7,,01/01/2023,12/31/2023
WY,HCHE_S4_S_RATE,"Percentage of facilities, in the state, reporting HCHE that scored 4 out of 5 points",7,,01/01/2023,12/31/2023
WY,HCHE_S5_S_RATE,"Percentage of facilities, in the state, reporting HCHE that scored 5 out of 5 points",36,,01/01/2023,12/31/2023
