"State","HBIPS-2 Measure Description","S HBIPS-2 Overall Rate Per 1000","S HBIPS-2 Overall Num","S HBIPS-2 Overall Den","HBIPS-3 Measure Description","S HBIPS-3 Overall Rate Per 1000","S HBIPS-3 Overall Num","S HBIPS-3 Overall Den","SMD Measure Description","S SMD %","SUB-2/-2a Measure Description","S SUB-2 %","S SUB-2a %","SUB-3/-3a Measure Description","S SUB-3 %","S SUB-3a %","TOB-3/-3a Measure Description","S TOB-3 %","S TOB-3a %","TR-1 Measure Description","S TR-1 %","Start Date","End Date","FAPH Measure Description","S FAPH-30 %","S FAPH-7 %","FAPH Measure Start Date","FAPH Measure End Date","MedCont Measure Description","S MedCont %","MedCont Measure Start Date","MedCont Measure End Date","READM-30-IPF Measure Desc","S READM-30-IPF # IPFs Worse","S READM-30-IPF # IPFs Same","S READM-30-IPF # IPFs Better","S READM-30-IPF # IPFs Too Few","READM-30-IPF Start Date","READM-30-IPF End Date","IMM-2 Measure Description","S IMM-2 %","Flu Season Start Date","Flu Season End Date"
AK,Hours of physical-restraint use,0.11,132.05,48425,Hours of seclusion use,0.35,403.74,48425,Screening for metabolic disorders (SMD),74,Alcohol use brief intervention provided or offered,33,51,Alcohol and other drug use disorder treatment provided or offered at discharge,60,56,Tobacco use treatment provided or offered at discharge,29,1,Transition record with specified elements received by discharged patients (TR1),13,01/01/2023,12/31/2023,Percent of patients receiving follow-up care within 30 days (FAPH-30) or within 7 days (FAPH-7) after psychiatric hospitalization,50,30.2,07/01/2022,06/30/2023,Medication Continuation Following Inpatient Psychiatric Discharge,65,07/01/2021,06/30/2023,Patients readmitted to any hospital within 30 days of discharge from the inpatient psychiatric facility (READM-30-IPF),0,2,0,1,07/01/2021,06/30/2023,Influenza immunization (IPFQR-IMM-2),72,10/01/2023,03/31/2024
AL,Hours of physical-restraint use,0.08,873.96,457374,Hours of seclusion use,0.27,2920.74,457374,Screening for metabolic disorders (SMD),86,Alcohol use brief intervention provided or offered,59,80,Alcohol and other drug use disorder treatment provided or offered at discharge,72,70,Tobacco use treatment provided or offered at discharge,63,34,Transition record with specified elements received by discharged patients (TR1),67,01/01/2023,12/31/2023,Percent of patients receiving follow-up care within 30 days (FAPH-30) or within 7 days (FAPH-7) after psychiatric hospitalization,51.8,26.7,07/01/2022,06/30/2023,Medication Continuation Following Inpatient Psychiatric Discharge,80.4,07/01/2021,06/30/2023,Patients readmitted to any hospital within 30 days of discharge from the inpatient psychiatric facility (READM-30-IPF),1,35,0,4,07/01/2021,06/30/2023,Influenza immunization (IPFQR-IMM-2),84,10/01/2023,03/31/2024
AR,Hours of physical-restraint use,0.17,1241.63,306627,Hours of seclusion use,0.07,551.2,306627,Screening for metabolic disorders (SMD),90,Alcohol use brief intervention provided or offered,40,53,Alcohol and other drug use disorder treatment provided or offered at discharge,61,32,Tobacco use treatment provided or offered at discharge,61,12,Transition record with specified elements received by discharged patients (TR1),77,01/01/2023,12/31/2023,Percent of patients receiving follow-up care within 30 days (FAPH-30) or within 7 days (FAPH-7) after psychiatric hospitalization,54.7,30.1,07/01/2022,06/30/2023,Medication Continuation Following Inpatient Psychiatric Discharge,80.2,07/01/2021,06/30/2023,Patients readmitted to any hospital within 30 days of discharge from the inpatient psychiatric facility (READM-30-IPF),2,25,0,4,07/01/2021,06/30/2023,Influenza immunization (IPFQR-IMM-2),74,10/01/2023,03/31/2024
AZ,Hours of physical-restraint use,0.10,1819.41,749743,Hours of seclusion use,0.11,1905.82,749743,Screening for metabolic disorders (SMD),81,Alcohol use brief intervention provided or offered,65,77,Alcohol and other drug use disorder treatment provided or offered at discharge,65,60,Tobacco use treatment provided or offered at discharge,62,14,Transition record with specified elements received by discharged patients (TR1),62,01/01/2023,12/31/2023,Percent of patients receiving follow-up care within 30 days (FAPH-30) or within 7 days (FAPH-7) after psychiatric hospitalization,68.1,48.7,07/01/2022,06/30/2023,Medication Continuation Following Inpatient Psychiatric Discharge,77.1,07/01/2021,06/30/2023,Patients readmitted to any hospital within 30 days of discharge from the inpatient psychiatric facility (READM-30-IPF),2,30,1,2,07/01/2021,06/30/2023,Influenza immunization (IPFQR-IMM-2),78,10/01/2023,03/31/2024
CA,Hours of physical-restraint use,0.38,19202.7,2127306,Hours of seclusion use,0.39,19800.11,2127306,Screening for metabolic disorders (SMD),81,Alcohol use brief intervention provided or offered,58,75,Alcohol and other drug use disorder treatment provided or offered at discharge,64,55,Tobacco use treatment provided or offered at discharge,51,15,Transition record with specified elements received by discharged patients (TR1),64,01/01/2023,12/31/2023,Percent of patients receiving follow-up care within 30 days (FAPH-30) or within 7 days (FAPH-7) after psychiatric hospitalization,53.1,32.9,07/01/2022,06/30/2023,Medication Continuation Following Inpatient Psychiatric Discharge,75.4,07/01/2021,06/30/2023,Patients readmitted to any hospital within 30 days of discharge from the inpatient psychiatric facility (READM-30-IPF),6,78,4,7,07/01/2021,06/30/2023,Influenza immunization (IPFQR-IMM-2),80,10/01/2023,03/31/2024
CO,Hours of physical-restraint use,0.16,1744.15,448674,Hours of seclusion use,0.18,1976.69,448674,Screening for metabolic disorders (SMD),75,Alcohol use brief intervention provided or offered,65,82,Alcohol and other drug use disorder treatment provided or offered at discharge,86,80,Tobacco use treatment provided or offered at discharge,54,20,Transition record with specified elements received by discharged patients (TR1),75,01/01/2023,12/31/2023,Percent of patients receiving follow-up care within 30 days (FAPH-30) or within 7 days (FAPH-7) after psychiatric hospitalization,61.2,36.8,07/01/2022,06/30/2023,Medication Continuation Following Inpatient Psychiatric Discharge,69.6,07/01/2021,06/30/2023,Patients readmitted to any hospital within 30 days of discharge from the inpatient psychiatric facility (READM-30-IPF),0,13,2,3,07/01/2021,06/30/2023,Influenza immunization (IPFQR-IMM-2),78,10/01/2023,03/31/2024
CT,Hours of physical-restraint use,0.86,7534.5,366970,Hours of seclusion use,0.45,4004.95,366970,Screening for metabolic disorders (SMD),82,Alcohol use brief intervention provided or offered,80,82,Alcohol and other drug use disorder treatment provided or offered at discharge,79,76,Tobacco use treatment provided or offered at discharge,53,38,Transition record with specified elements received by discharged patients (TR1),32,01/01/2023,12/31/2023,Percent of patients receiving follow-up care within 30 days (FAPH-30) or within 7 days (FAPH-7) after psychiatric hospitalization,67.3,44.6,07/01/2022,06/30/2023,Medication Continuation Following Inpatient Psychiatric Discharge,82.8,07/01/2021,06/30/2023,Patients readmitted to any hospital within 30 days of discharge from the inpatient psychiatric facility (READM-30-IPF),1,23,0,1,07/01/2021,06/30/2023,Influenza immunization (IPFQR-IMM-2),67,10/01/2023,03/31/2024
DC,Hours of physical-restraint use,0.07,208.06,121825,Hours of seclusion use,0.09,251.66,121825,Screening for metabolic disorders (SMD),82,Alcohol use brief intervention provided or offered,54,78,Alcohol and other drug use disorder treatment provided or offered at discharge,78,56,Tobacco use treatment provided or offered at discharge,66,8,Transition record with specified elements received by discharged patients (TR1),56,01/01/2023,12/31/2023,Percent of patients receiving follow-up care within 30 days (FAPH-30) or within 7 days (FAPH-7) after psychiatric hospitalization,61.3,51.9,07/01/2022,06/30/2023,Medication Continuation Following Inpatient Psychiatric Discharge,61.6,07/01/2021,06/30/2023,Patients readmitted to any hospital within 30 days of discharge from the inpatient psychiatric facility (READM-30-IPF),0,4,0,1,07/01/2021,06/30/2023,Influenza immunization (IPFQR-IMM-2),84,10/01/2023,03/31/2024
DE,Hours of physical-restraint use,0.02,96.57,172756,Hours of seclusion use,0.05,209.35,172756,Screening for metabolic disorders (SMD),80,Alcohol use brief intervention provided or offered,71,80,Alcohol and other drug use disorder treatment provided or offered at discharge,76,62,Tobacco use treatment provided or offered at discharge,55,4,Transition record with specified elements received by discharged patients (TR1),64,01/01/2023,12/31/2023,Percent of patients receiving follow-up care within 30 days (FAPH-30) or within 7 days (FAPH-7) after psychiatric hospitalization,51.9,28.5,07/01/2022,06/30/2023,Medication Continuation Following Inpatient Psychiatric Discharge,81.6,07/01/2021,06/30/2023,Patients readmitted to any hospital within 30 days of discharge from the inpatient psychiatric facility (READM-30-IPF),0,5,0,0,07/01/2021,06/30/2023,Influenza immunization (IPFQR-IMM-2),54,10/01/2023,03/31/2024
FL,Hours of physical-restraint use,0.09,4102.09,1838633,Hours of seclusion use,0.07,3226.85,1838633,Screening for metabolic disorders (SMD),80,Alcohol use brief intervention provided or offered,59,78,Alcohol and other drug use disorder treatment provided or offered at discharge,72,64,Tobacco use treatment provided or offered at discharge,62,27,Transition record with specified elements received by discharged patients (TR1),44,01/01/2023,12/31/2023,Percent of patients receiving follow-up care within 30 days (FAPH-30) or within 7 days (FAPH-7) after psychiatric hospitalization,52.8,31.2,07/01/2022,06/30/2023,Medication Continuation Following Inpatient Psychiatric Discharge,67.9,07/01/2021,06/30/2023,Patients readmitted to any hospital within 30 days of discharge from the inpatient psychiatric facility (READM-30-IPF),29,36,0,2,07/01/2021,06/30/2023,Influenza immunization (IPFQR-IMM-2),70,10/01/2023,03/31/2024
GA,Hours of physical-restraint use,0.45,8043.76,746431,Hours of seclusion use,0.08,1507.64,746431,Screening for metabolic disorders (SMD),80,Alcohol use brief intervention provided or offered,60,72,Alcohol and other drug use disorder treatment provided or offered at discharge,63,56,Tobacco use treatment provided or offered at discharge,55,18,Transition record with specified elements received by discharged patients (TR1),61,01/01/2023,12/31/2023,Percent of patients receiving follow-up care within 30 days (FAPH-30) or within 7 days (FAPH-7) after psychiatric hospitalization,55.9,30.7,07/01/2022,06/30/2023,Medication Continuation Following Inpatient Psychiatric Discharge,74,07/01/2021,06/30/2023,Patients readmitted to any hospital within 30 days of discharge from the inpatient psychiatric facility (READM-30-IPF),3,33,2,3,07/01/2021,06/30/2023,Influenza immunization (IPFQR-IMM-2),74,10/01/2023,03/31/2024
HI,Hours of physical-restraint use,0.01,5.09,27347,Hours of seclusion use,0.02,12.47,27347,Screening for metabolic disorders (SMD),15,Alcohol use brief intervention provided or offered,35,75,Alcohol and other drug use disorder treatment provided or offered at discharge,72,57,Tobacco use treatment provided or offered at discharge,9,1,Transition record with specified elements received by discharged patients (TR1),33,01/01/2023,12/31/2023,Percent of patients receiving follow-up care within 30 days (FAPH-30) or within 7 days (FAPH-7) after psychiatric hospitalization,26.9,15.4,07/01/2022,06/30/2023,Medication Continuation Following Inpatient Psychiatric Discharge,Not Available,07/01/2021,06/30/2023,Patients readmitted to any hospital within 30 days of discharge from the inpatient psychiatric facility (READM-30-IPF),0,1,0,1,07/01/2021,06/30/2023,Influenza immunization (IPFQR-IMM-2),45,10/01/2023,03/31/2024
IA,Hours of physical-restraint use,0.38,955.73,104982,Hours of seclusion use,0.47,1190.22,104982,Screening for metabolic disorders (SMD),86,Alcohol use brief intervention provided or offered,45,50,Alcohol and other drug use disorder treatment provided or offered at discharge,58,44,Tobacco use treatment provided or offered at discharge,46,6,Transition record with specified elements received by discharged patients (TR1),72,01/01/2023,12/31/2023,Percent of patients receiving follow-up care within 30 days (FAPH-30) or within 7 days (FAPH-7) after psychiatric hospitalization,70.2,41.2,07/01/2022,06/30/2023,Medication Continuation Following Inpatient Psychiatric Discharge,85.2,07/01/2021,06/30/2023,Patients readmitted to any hospital within 30 days of discharge from the inpatient psychiatric facility (READM-30-IPF),0,14,1,1,07/01/2021,06/30/2023,Influenza immunization (IPFQR-IMM-2),84,10/01/2023,03/31/2024
ID,Hours of physical-restraint use,0.06,184.22,121902,Hours of seclusion use,0.17,506.66,121902,Screening for metabolic disorders (SMD),92,Alcohol use brief intervention provided or offered,87,88,Alcohol and other drug use disorder treatment provided or offered at discharge,81,66,Tobacco use treatment provided or offered at discharge,78,29,Transition record with specified elements received by discharged patients (TR1),85,01/01/2023,12/31/2023,Percent of patients receiving follow-up care within 30 days (FAPH-30) or within 7 days (FAPH-7) after psychiatric hospitalization,59.8,34.4,07/01/2022,06/30/2023,Medication Continuation Following Inpatient Psychiatric Discharge,72.4,07/01/2021,06/30/2023,Patients readmitted to any hospital within 30 days of discharge from the inpatient psychiatric facility (READM-30-IPF),1,7,1,1,07/01/2021,06/30/2023,Influenza immunization (IPFQR-IMM-2),84,10/01/2023,03/31/2024
IL,Hours of physical-restraint use,0.22,5128.41,952747,Hours of seclusion use,0.08,1815.07,952747,Screening for metabolic disorders (SMD),84,Alcohol use brief intervention provided or offered,69,79,Alcohol and other drug use disorder treatment provided or offered at discharge,68,56,Tobacco use treatment provided or offered at discharge,57,26,Transition record with specified elements received by discharged patients (TR1),71,01/01/2023,12/31/2023,Percent of patients receiving follow-up care within 30 days (FAPH-30) or within 7 days (FAPH-7) after psychiatric hospitalization,59.6,31.9,07/01/2022,06/30/2023,Medication Continuation Following Inpatient Psychiatric Discharge,78,07/01/2021,06/30/2023,Patients readmitted to any hospital within 30 days of discharge from the inpatient psychiatric facility (READM-30-IPF),8,40,0,8,07/01/2021,06/30/2023,Influenza immunization (IPFQR-IMM-2),85,10/01/2023,03/31/2024
IN,Hours of physical-restraint use,0.31,4411.46,588302,Hours of seclusion use,0.53,7438.21,582013,Screening for metabolic disorders (SMD),64,Alcohol use brief intervention provided or offered,33,73,Alcohol and other drug use disorder treatment provided or offered at discharge,58,53,Tobacco use treatment provided or offered at discharge,41,12,Transition record with specified elements received by discharged patients (TR1),57,01/01/2023,12/31/2023,Percent of patients receiving follow-up care within 30 days (FAPH-30) or within 7 days (FAPH-7) after psychiatric hospitalization,63,36.2,07/01/2022,06/30/2023,Medication Continuation Following Inpatient Psychiatric Discharge,80.5,07/01/2021,06/30/2023,Patients readmitted to any hospital within 30 days of discharge from the inpatient psychiatric facility (READM-30-IPF),3,41,1,5,07/01/2021,06/30/2023,Influenza immunization (IPFQR-IMM-2),65,10/01/2023,03/31/2024
KS,Hours of physical-restraint use,0.20,498.19,104660,Hours of seclusion use,0.17,439.35,104660,Screening for metabolic disorders (SMD),71,Alcohol use brief intervention provided or offered,38,71,Alcohol and other drug use disorder treatment provided or offered at discharge,56,46,Tobacco use treatment provided or offered at discharge,42,2,Transition record with specified elements received by discharged patients (TR1),61,01/01/2023,12/31/2023,Percent of patients receiving follow-up care within 30 days (FAPH-30) or within 7 days (FAPH-7) after psychiatric hospitalization,66,40.6,07/01/2022,06/30/2023,Medication Continuation Following Inpatient Psychiatric Discharge,77.5,07/01/2021,06/30/2023,Patients readmitted to any hospital within 30 days of discharge from the inpatient psychiatric facility (READM-30-IPF),0,16,1,0,07/01/2021,06/30/2023,Influenza immunization (IPFQR-IMM-2),87,10/01/2023,03/31/2024
KY,Hours of physical-restraint use,0.36,3092.74,359477,Hours of seclusion use,0.09,797.78,359477,Screening for metabolic disorders (SMD),91,Alcohol use brief intervention provided or offered,72,84,Alcohol and other drug use disorder treatment provided or offered at discharge,82,62,Tobacco use treatment provided or offered at discharge,66,14,Transition record with specified elements received by discharged patients (TR1),81,01/01/2023,12/31/2023,Percent of patients receiving follow-up care within 30 days (FAPH-30) or within 7 days (FAPH-7) after psychiatric hospitalization,55.6,28.7,07/01/2022,06/30/2023,Medication Continuation Following Inpatient Psychiatric Discharge,81.3,07/01/2021,06/30/2023,Patients readmitted to any hospital within 30 days of discharge from the inpatient psychiatric facility (READM-30-IPF),0,29,0,1,07/01/2021,06/30/2023,Influenza immunization (IPFQR-IMM-2),83,10/01/2023,03/31/2024
LA,Hours of physical-restraint use,0.11,2292.44,881798,Hours of seclusion use,0.11,2408.44,881798,Screening for metabolic disorders (SMD),83,Alcohol use brief intervention provided or offered,54,81,Alcohol and other drug use disorder treatment provided or offered at discharge,71,57,Tobacco use treatment provided or offered at discharge,61,13,Transition record with specified elements received by discharged patients (TR1),69,01/01/2023,12/31/2023,Percent of patients receiving follow-up care within 30 days (FAPH-30) or within 7 days (FAPH-7) after psychiatric hospitalization,51.2,32.1,07/01/2022,06/30/2023,Medication Continuation Following Inpatient Psychiatric Discharge,79.3,07/01/2021,06/30/2023,Patients readmitted to any hospital within 30 days of discharge from the inpatient psychiatric facility (READM-30-IPF),5,66,1,5,07/01/2021,06/30/2023,Influenza immunization (IPFQR-IMM-2),80,10/01/2023,03/31/2024
MA,Hours of physical-restraint use,0.27,6807.88,1054829,Hours of seclusion use,0.09,2274.17,1054829,Screening for metabolic disorders (SMD),79,Alcohol use brief intervention provided or offered,71,79,Alcohol and other drug use disorder treatment provided or offered at discharge,78,64,Tobacco use treatment provided or offered at discharge,56,7,Transition record with specified elements received by discharged patients (TR1),71,01/01/2023,12/31/2023,Percent of patients receiving follow-up care within 30 days (FAPH-30) or within 7 days (FAPH-7) after psychiatric hospitalization,72.4,45.2,07/01/2022,06/30/2023,Medication Continuation Following Inpatient Psychiatric Discharge,80.3,07/01/2021,06/30/2023,Patients readmitted to any hospital within 30 days of discharge from the inpatient psychiatric facility (READM-30-IPF),3,45,0,3,07/01/2021,06/30/2023,Influenza immunization (IPFQR-IMM-2),74,10/01/2023,03/31/2024
MD,Hours of physical-restraint use,0.44,4326.66,412375,Hours of seclusion use,0.29,2898.79,412375,Screening for metabolic disorders (SMD),16,Alcohol use brief intervention provided or offered,76,75,Alcohol and other drug use disorder treatment provided or offered at discharge,66,53,Tobacco use treatment provided or offered at discharge,84,3,Transition record with specified elements received by discharged patients (TR1),60,01/01/2023,12/31/2023,Percent of patients receiving follow-up care within 30 days (FAPH-30) or within 7 days (FAPH-7) after psychiatric hospitalization,69.8,43.6,07/01/2022,06/30/2023,Medication Continuation Following Inpatient Psychiatric Discharge,79.7,07/01/2021,06/30/2023,Patients readmitted to any hospital within 30 days of discharge from the inpatient psychiatric facility (READM-30-IPF),0,3,0,4,07/01/2021,06/30/2023,Influenza immunization (IPFQR-IMM-2),68,10/01/2023,03/31/2024
ME,Hours of physical-restraint use,0.32,853.61,111025,Hours of seclusion use,0.48,1288.38,111025,Screening for metabolic disorders (SMD),90,Alcohol use brief intervention provided or offered,88,85,Alcohol and other drug use disorder treatment provided or offered at discharge,58,43,Tobacco use treatment provided or offered at discharge,31,5,Transition record with specified elements received by discharged patients (TR1),84,01/01/2023,12/31/2023,Percent of patients receiving follow-up care within 30 days (FAPH-30) or within 7 days (FAPH-7) after psychiatric hospitalization,69.9,42.8,07/01/2022,06/30/2023,Medication Continuation Following Inpatient Psychiatric Discharge,85.9,07/01/2021,06/30/2023,Patients readmitted to any hospital within 30 days of discharge from the inpatient psychiatric facility (READM-30-IPF),0,4,2,2,07/01/2021,06/30/2023,Influenza immunization (IPFQR-IMM-2),38,10/01/2023,03/31/2024
MI,Hours of physical-restraint use,0.35,6922.4,814989,Hours of seclusion use,0.20,3837.97,814989,Screening for metabolic disorders (SMD),79,Alcohol use brief intervention provided or offered,57,68,Alcohol and other drug use disorder treatment provided or offered at discharge,62,44,Tobacco use treatment provided or offered at discharge,57,22,Transition record with specified elements received by discharged patients (TR1),53,01/01/2023,12/31/2023,Percent of patients receiving follow-up care within 30 days (FAPH-30) or within 7 days (FAPH-7) after psychiatric hospitalization,62.5,37.7,07/01/2022,06/30/2023,Medication Continuation Following Inpatient Psychiatric Discharge,87.2,07/01/2021,06/30/2023,Patients readmitted to any hospital within 30 days of discharge from the inpatient psychiatric facility (READM-30-IPF),1,47,2,5,07/01/2021,06/30/2023,Influenza immunization (IPFQR-IMM-2),79,10/01/2023,03/31/2024
MN,Hours of physical-restraint use,2.34,11211.95,199219,Hours of seclusion use,3.01,14376.23,199219,Screening for metabolic disorders (SMD),86,Alcohol use brief intervention provided or offered,59,75,Alcohol and other drug use disorder treatment provided or offered at discharge,61,47,Tobacco use treatment provided or offered at discharge,47,4,Transition record with specified elements received by discharged patients (TR1),64,01/01/2023,12/31/2023,Percent of patients receiving follow-up care within 30 days (FAPH-30) or within 7 days (FAPH-7) after psychiatric hospitalization,73.8,39.1,07/01/2022,06/30/2023,Medication Continuation Following Inpatient Psychiatric Discharge,91.2,07/01/2021,06/30/2023,Patients readmitted to any hospital within 30 days of discharge from the inpatient psychiatric facility (READM-30-IPF),0,14,5,6,07/01/2021,06/30/2023,Influenza immunization (IPFQR-IMM-2),74,10/01/2023,03/31/2024
MO,Hours of physical-restraint use,0.07,1396.89,823678,Hours of seclusion use,0.11,2244.46,823678,Screening for metabolic disorders (SMD),78,Alcohol use brief intervention provided or offered,65,79,Alcohol and other drug use disorder treatment provided or offered at discharge,72,60,Tobacco use treatment provided or offered at discharge,57,12,Transition record with specified elements received by discharged patients (TR1),52,01/01/2023,12/31/2023,Percent of patients receiving follow-up care within 30 days (FAPH-30) or within 7 days (FAPH-7) after psychiatric hospitalization,56.4,30.7,07/01/2022,06/30/2023,Medication Continuation Following Inpatient Psychiatric Discharge,79.9,07/01/2021,06/30/2023,Patients readmitted to any hospital within 30 days of discharge from the inpatient psychiatric facility (READM-30-IPF),0,26,2,8,07/01/2021,06/30/2023,Influenza immunization (IPFQR-IMM-2),77,10/01/2023,03/31/2024
MS,Hours of physical-restraint use,0.64,4488.3,291696,Hours of seclusion use,0.19,1335.67,291696,Screening for metabolic disorders (SMD),89,Alcohol use brief intervention provided or offered,72,92,Alcohol and other drug use disorder treatment provided or offered at discharge,65,60,Tobacco use treatment provided or offered at discharge,57,8,Transition record with specified elements received by discharged patients (TR1),73,01/01/2023,12/31/2023,Percent of patients receiving follow-up care within 30 days (FAPH-30) or within 7 days (FAPH-7) after psychiatric hospitalization,46.6,23.5,07/01/2022,06/30/2023,Medication Continuation Following Inpatient Psychiatric Discharge,76.9,07/01/2021,06/30/2023,Patients readmitted to any hospital within 30 days of discharge from the inpatient psychiatric facility (READM-30-IPF),5,31,1,1,07/01/2021,06/30/2023,Influenza immunization (IPFQR-IMM-2),79,10/01/2023,03/31/2024
MT,Hours of physical-restraint use,0.17,39.79,9731,Hours of seclusion use,0.84,196.15,9731,Screening for metabolic disorders (SMD),86,Alcohol use brief intervention provided or offered,92,95,Alcohol and other drug use disorder treatment provided or offered at discharge,56,21,Tobacco use treatment provided or offered at discharge,92,0,Transition record with specified elements received by discharged patients (TR1),79,01/01/2023,12/31/2023,Percent of patients receiving follow-up care within 30 days (FAPH-30) or within 7 days (FAPH-7) after psychiatric hospitalization,Not Available,Not Available,07/01/2022,06/30/2023,Medication Continuation Following Inpatient Psychiatric Discharge,Not Available,07/01/2021,06/30/2023,Patients readmitted to any hospital within 30 days of discharge from the inpatient psychiatric facility (READM-30-IPF),0,1,0,1,07/01/2021,06/30/2023,Influenza immunization (IPFQR-IMM-2),77,10/01/2023,03/31/2024
NC,Hours of physical-restraint use,0.23,4806.78,875799,Hours of seclusion use,0.11,2411.63,875799,Screening for metabolic disorders (SMD),83,Alcohol use brief intervention provided or offered,64,82,Alcohol and other drug use disorder treatment provided or offered at discharge,85,79,Tobacco use treatment provided or offered at discharge,64,25,Transition record with specified elements received by discharged patients (TR1),53,01/01/2023,12/31/2023,Percent of patients receiving follow-up care within 30 days (FAPH-30) or within 7 days (FAPH-7) after psychiatric hospitalization,58.2,33.3,07/01/2022,06/30/2023,Medication Continuation Following Inpatient Psychiatric Discharge,78.6,07/01/2021,06/30/2023,Patients readmitted to any hospital within 30 days of discharge from the inpatient psychiatric facility (READM-30-IPF),0,39,1,3,07/01/2021,06/30/2023,Influenza immunization (IPFQR-IMM-2),77,10/01/2023,03/31/2024
ND,Hours of physical-restraint use,0.17,394.53,95301,Hours of seclusion use,0.85,1951.39,95301,Screening for metabolic disorders (SMD),61,Alcohol use brief intervention provided or offered,56,62,Alcohol and other drug use disorder treatment provided or offered at discharge,57,32,Tobacco use treatment provided or offered at discharge,38,6,Transition record with specified elements received by discharged patients (TR1),66,01/01/2023,12/31/2023,Percent of patients receiving follow-up care within 30 days (FAPH-30) or within 7 days (FAPH-7) after psychiatric hospitalization,68.5,37.8,07/01/2022,06/30/2023,Medication Continuation Following Inpatient Psychiatric Discharge,82.5,07/01/2021,06/30/2023,Patients readmitted to any hospital within 30 days of discharge from the inpatient psychiatric facility (READM-30-IPF),0,5,1,0,07/01/2021,06/30/2023,Influenza immunization (IPFQR-IMM-2),77,10/01/2023,03/31/2024
NE,Hours of physical-restraint use,0.10,275.31,110243,Hours of seclusion use,0.05,123.41,110243,Screening for metabolic disorders (SMD),95,Alcohol use brief intervention provided or offered,72,77,Alcohol and other drug use disorder treatment provided or offered at discharge,82,70,Tobacco use treatment provided or offered at discharge,53,17,Transition record with specified elements received by discharged patients (TR1),80,01/01/2023,12/31/2023,Percent of patients receiving follow-up care within 30 days (FAPH-30) or within 7 days (FAPH-7) after psychiatric hospitalization,67.2,44.3,07/01/2022,06/30/2023,Medication Continuation Following Inpatient Psychiatric Discharge,82.7,07/01/2021,06/30/2023,Patients readmitted to any hospital within 30 days of discharge from the inpatient psychiatric facility (READM-30-IPF),0,6,2,1,07/01/2021,06/30/2023,Influenza immunization (IPFQR-IMM-2),90,10/01/2023,03/31/2024
NH,Hours of physical-restraint use,0.49,1331.57,113240,Hours of seclusion use,1.41,3832.77,113240,Screening for metabolic disorders (SMD),93,Alcohol use brief intervention provided or offered,55,71,Alcohol and other drug use disorder treatment provided or offered at discharge,65,52,Tobacco use treatment provided or offered at discharge,59,20,Transition record with specified elements received by discharged patients (TR1),52,01/01/2023,12/31/2023,Percent of patients receiving follow-up care within 30 days (FAPH-30) or within 7 days (FAPH-7) after psychiatric hospitalization,78,53.1,07/01/2022,06/30/2023,Medication Continuation Following Inpatient Psychiatric Discharge,85.3,07/01/2021,06/30/2023,Patients readmitted to any hospital within 30 days of discharge from the inpatient psychiatric facility (READM-30-IPF),0,11,1,0,07/01/2021,06/30/2023,Influenza immunization (IPFQR-IMM-2),65,10/01/2023,03/31/2024
NJ,Hours of physical-restraint use,0.36,8956.96,1045615,Hours of seclusion use,0.10,2384.81,1045615,Screening for metabolic disorders (SMD),91,Alcohol use brief intervention provided or offered,64,85,Alcohol and other drug use disorder treatment provided or offered at discharge,90,82,Tobacco use treatment provided or offered at discharge,67,23,Transition record with specified elements received by discharged patients (TR1),78,01/01/2023,12/31/2023,Percent of patients receiving follow-up care within 30 days (FAPH-30) or within 7 days (FAPH-7) after psychiatric hospitalization,61,38.6,07/01/2022,06/30/2023,Medication Continuation Following Inpatient Psychiatric Discharge,82.6,07/01/2021,06/30/2023,Patients readmitted to any hospital within 30 days of discharge from the inpatient psychiatric facility (READM-30-IPF),1,32,1,5,07/01/2021,06/30/2023,Influenza immunization (IPFQR-IMM-2),86,10/01/2023,03/31/2024
NM,Hours of physical-restraint use,0.10,317.34,127660,Hours of seclusion use,0.07,220.13,127660,Screening for metabolic disorders (SMD),88,Alcohol use brief intervention provided or offered,75,91,Alcohol and other drug use disorder treatment provided or offered at discharge,69,52,Tobacco use treatment provided or offered at discharge,72,36,Transition record with specified elements received by discharged patients (TR1),80,01/01/2023,12/31/2023,Percent of patients receiving follow-up care within 30 days (FAPH-30) or within 7 days (FAPH-7) after psychiatric hospitalization,62.1,35,07/01/2022,06/30/2023,Medication Continuation Following Inpatient Psychiatric Discharge,73,07/01/2021,06/30/2023,Patients readmitted to any hospital within 30 days of discharge from the inpatient psychiatric facility (READM-30-IPF),0,8,0,0,07/01/2021,06/30/2023,Influenza immunization (IPFQR-IMM-2),73,10/01/2023,03/31/2024
NV,Hours of physical-restraint use,0.10,521.79,224957,Hours of seclusion use,0.17,914.56,224957,Screening for metabolic disorders (SMD),72,Alcohol use brief intervention provided or offered,35,77,Alcohol and other drug use disorder treatment provided or offered at discharge,60,55,Tobacco use treatment provided or offered at discharge,36,11,Transition record with specified elements received by discharged patients (TR1),52,01/01/2023,12/31/2023,Percent of patients receiving follow-up care within 30 days (FAPH-30) or within 7 days (FAPH-7) after psychiatric hospitalization,47.8,26.6,07/01/2022,06/30/2023,Medication Continuation Following Inpatient Psychiatric Discharge,69.1,07/01/2021,06/30/2023,Patients readmitted to any hospital within 30 days of discharge from the inpatient psychiatric facility (READM-30-IPF),8,7,0,1,07/01/2021,06/30/2023,Influenza immunization (IPFQR-IMM-2),68,10/01/2023,03/31/2024
NY,Hours of physical-restraint use,0.23,12952.15,2393405,Hours of seclusion use,0.17,9657.06,2393405,Screening for metabolic disorders (SMD),84,Alcohol use brief intervention provided or offered,54,74,Alcohol and other drug use disorder treatment provided or offered at discharge,76,59,Tobacco use treatment provided or offered at discharge,47,16,Transition record with specified elements received by discharged patients (TR1),68,01/01/2023,12/31/2023,Percent of patients receiving follow-up care within 30 days (FAPH-30) or within 7 days (FAPH-7) after psychiatric hospitalization,65.9,46.3,07/01/2022,06/30/2023,Medication Continuation Following Inpatient Psychiatric Discharge,82.8,07/01/2021,06/30/2023,Patients readmitted to any hospital within 30 days of discharge from the inpatient psychiatric facility (READM-30-IPF),0,67,4,16,07/01/2021,06/30/2023,Influenza immunization (IPFQR-IMM-2),79,10/01/2023,03/31/2024
OH,Hours of physical-restraint use,0.11,3473.06,1313038,Hours of seclusion use,0.21,6761.94,1313038,Screening for metabolic disorders (SMD),81,Alcohol use brief intervention provided or offered,64,76,Alcohol and other drug use disorder treatment provided or offered at discharge,68,54,Tobacco use treatment provided or offered at discharge,59,15,Transition record with specified elements received by discharged patients (TR1),64,01/01/2023,12/31/2023,Percent of patients receiving follow-up care within 30 days (FAPH-30) or within 7 days (FAPH-7) after psychiatric hospitalization,59.1,34.5,07/01/2022,06/30/2023,Medication Continuation Following Inpatient Psychiatric Discharge,76.6,07/01/2021,06/30/2023,Patients readmitted to any hospital within 30 days of discharge from the inpatient psychiatric facility (READM-30-IPF),0,65,1,4,07/01/2021,06/30/2023,Influenza immunization (IPFQR-IMM-2),75,10/01/2023,03/31/2024
OK,Hours of physical-restraint use,0.04,260.12,255841,Hours of seclusion use,0.16,1009.95,255841,Screening for metabolic disorders (SMD),80,Alcohol use brief intervention provided or offered,39,74,Alcohol and other drug use disorder treatment provided or offered at discharge,53,49,Tobacco use treatment provided or offered at discharge,36,8,Transition record with specified elements received by discharged patients (TR1),71,01/01/2023,12/31/2023,Percent of patients receiving follow-up care within 30 days (FAPH-30) or within 7 days (FAPH-7) after psychiatric hospitalization,56.7,31.2,07/01/2022,06/30/2023,Medication Continuation Following Inpatient Psychiatric Discharge,73.3,07/01/2021,06/30/2023,Patients readmitted to any hospital within 30 days of discharge from the inpatient psychiatric facility (READM-30-IPF),0,24,1,0,07/01/2021,06/30/2023,Influenza immunization (IPFQR-IMM-2),76,10/01/2023,03/31/2024
OR,Hours of physical-restraint use,0.38,2484.3,274987,Hours of seclusion use,5.20,34303.85,274987,Screening for metabolic disorders (SMD),76,Alcohol use brief intervention provided or offered,27,62,Alcohol and other drug use disorder treatment provided or offered at discharge,59,42,Tobacco use treatment provided or offered at discharge,48,4,Transition record with specified elements received by discharged patients (TR1),24,01/01/2023,12/31/2023,Percent of patients receiving follow-up care within 30 days (FAPH-30) or within 7 days (FAPH-7) after psychiatric hospitalization,59.1,32.4,07/01/2022,06/30/2023,Medication Continuation Following Inpatient Psychiatric Discharge,80.1,07/01/2021,06/30/2023,Patients readmitted to any hospital within 30 days of discharge from the inpatient psychiatric facility (READM-30-IPF),0,12,0,0,07/01/2021,06/30/2023,Influenza immunization (IPFQR-IMM-2),65,10/01/2023,03/31/2024
PA,Hours of physical-restraint use,0.49,17007.27,1438487,Hours of seclusion use,0.18,6371.41,1438487,Screening for metabolic disorders (SMD),80,Alcohol use brief intervention provided or offered,56,57,Alcohol and other drug use disorder treatment provided or offered at discharge,72,52,Tobacco use treatment provided or offered at discharge,60,15,Transition record with specified elements received by discharged patients (TR1),70,01/01/2023,12/31/2023,Percent of patients receiving follow-up care within 30 days (FAPH-30) or within 7 days (FAPH-7) after psychiatric hospitalization,62.5,38.3,07/01/2022,06/30/2023,Medication Continuation Following Inpatient Psychiatric Discharge,81.4,07/01/2021,06/30/2023,Patients readmitted to any hospital within 30 days of discharge from the inpatient psychiatric facility (READM-30-IPF),1,63,1,4,07/01/2021,06/30/2023,Influenza immunization (IPFQR-IMM-2),81,10/01/2023,03/31/2024
PR,Hours of physical-restraint use,0.13,462.67,144068,Hours of seclusion use,0.03,118.3,144068,Screening for metabolic disorders (SMD),57,Alcohol use brief intervention provided or offered,15,94,Alcohol and other drug use disorder treatment provided or offered at discharge,77,76,Tobacco use treatment provided or offered at discharge,32,28,Transition record with specified elements received by discharged patients (TR1),46,01/01/2023,12/31/2023,Percent of patients receiving follow-up care within 30 days (FAPH-30) or within 7 days (FAPH-7) after psychiatric hospitalization,35.2,17.6,07/01/2022,06/30/2023,Medication Continuation Following Inpatient Psychiatric Discharge,Not Available,07/01/2021,06/30/2023,Patients readmitted to any hospital within 30 days of discharge from the inpatient psychiatric facility (READM-30-IPF),0,2,0,6,07/01/2021,06/30/2023,Influenza immunization (IPFQR-IMM-2),47,10/01/2023,03/31/2024
RI,Hours of physical-restraint use,1.01,2489.6,102889,Hours of seclusion use,0.38,931.52,102889,Screening for metabolic disorders (SMD),86,Alcohol use brief intervention provided or offered,90,90,Alcohol and other drug use disorder treatment provided or offered at discharge,96,85,Tobacco use treatment provided or offered at discharge,38,9,Transition record with specified elements received by discharged patients (TR1),81,01/01/2023,12/31/2023,Percent of patients receiving follow-up care within 30 days (FAPH-30) or within 7 days (FAPH-7) after psychiatric hospitalization,59,33.4,07/01/2022,06/30/2023,Medication Continuation Following Inpatient Psychiatric Discharge,79.8,07/01/2021,06/30/2023,Patients readmitted to any hospital within 30 days of discharge from the inpatient psychiatric facility (READM-30-IPF),2,5,0,0,07/01/2021,06/30/2023,Influenza immunization (IPFQR-IMM-2),86,10/01/2023,03/31/2024
SC,Hours of physical-restraint use,0.06,653.42,464885,Hours of seclusion use,0.47,5273.01,464885,Screening for metabolic disorders (SMD),88,Alcohol use brief intervention provided or offered,74,78,Alcohol and other drug use disorder treatment provided or offered at discharge,82,77,Tobacco use treatment provided or offered at discharge,52,10,Transition record with specified elements received by discharged patients (TR1),60,01/01/2023,12/31/2023,Percent of patients receiving follow-up care within 30 days (FAPH-30) or within 7 days (FAPH-7) after psychiatric hospitalization,62.4,36,07/01/2022,06/30/2023,Medication Continuation Following Inpatient Psychiatric Discharge,76.3,07/01/2021,06/30/2023,Patients readmitted to any hospital within 30 days of discharge from the inpatient psychiatric facility (READM-30-IPF),0,22,0,3,07/01/2021,06/30/2023,Influenza immunization (IPFQR-IMM-2),75,10/01/2023,03/31/2024
SD,Hours of physical-restraint use,0.18,70.09,15815,Hours of seclusion use,0.42,160.68,15815,Screening for metabolic disorders (SMD),88,Alcohol use brief intervention provided or offered,52,44,Alcohol and other drug use disorder treatment provided or offered at discharge,36,22,Tobacco use treatment provided or offered at discharge,65,1,Transition record with specified elements received by discharged patients (TR1),49,01/01/2023,12/31/2023,Percent of patients receiving follow-up care within 30 days (FAPH-30) or within 7 days (FAPH-7) after psychiatric hospitalization,59.4,31.7,07/01/2022,06/30/2023,Medication Continuation Following Inpatient Psychiatric Discharge,77.6,07/01/2021,06/30/2023,Patients readmitted to any hospital within 30 days of discharge from the inpatient psychiatric facility (READM-30-IPF),0,3,0,0,07/01/2021,06/30/2023,Influenza immunization (IPFQR-IMM-2),71,10/01/2023,03/31/2024
TN,Hours of physical-restraint use,0.31,5251.12,708083,Hours of seclusion use,0.13,2149.78,708083,Screening for metabolic disorders (SMD),74,Alcohol use brief intervention provided or offered,38,62,Alcohol and other drug use disorder treatment provided or offered at discharge,66,41,Tobacco use treatment provided or offered at discharge,62,4,Transition record with specified elements received by discharged patients (TR1),64,01/01/2023,12/31/2023,Percent of patients receiving follow-up care within 30 days (FAPH-30) or within 7 days (FAPH-7) after psychiatric hospitalization,59.2,32.7,07/01/2022,06/30/2023,Medication Continuation Following Inpatient Psychiatric Discharge,77.6,07/01/2021,06/30/2023,Patients readmitted to any hospital within 30 days of discharge from the inpatient psychiatric facility (READM-30-IPF),4,35,0,7,07/01/2021,06/30/2023,Influenza immunization (IPFQR-IMM-2),79,10/01/2023,03/31/2024
TX,Hours of physical-restraint use,0.07,3562.39,2174107,Hours of seclusion use,0.32,16519.78,2174107,Screening for metabolic disorders (SMD),79,Alcohol use brief intervention provided or offered,60,72,Alcohol and other drug use disorder treatment provided or offered at discharge,73,56,Tobacco use treatment provided or offered at discharge,66,18,Transition record with specified elements received by discharged patients (TR1),71,01/01/2023,12/31/2023,Percent of patients receiving follow-up care within 30 days (FAPH-30) or within 7 days (FAPH-7) after psychiatric hospitalization,59.7,35.4,07/01/2022,06/30/2023,Medication Continuation Following Inpatient Psychiatric Discharge,73.5,07/01/2021,06/30/2023,Patients readmitted to any hospital within 30 days of discharge from the inpatient psychiatric facility (READM-30-IPF),8,79,1,6,07/01/2021,06/30/2023,Influenza immunization (IPFQR-IMM-2),73,10/01/2023,03/31/2024
UT,Hours of physical-restraint use,1.81,11519.34,264987,Hours of seclusion use,0.44,2809.61,264987,Screening for metabolic disorders (SMD),91,Alcohol use brief intervention provided or offered,82,90,Alcohol and other drug use disorder treatment provided or offered at discharge,91,80,Tobacco use treatment provided or offered at discharge,78,35,Transition record with specified elements received by discharged patients (TR1),76,01/01/2023,12/31/2023,Percent of patients receiving follow-up care within 30 days (FAPH-30) or within 7 days (FAPH-7) after psychiatric hospitalization,70.1,43.8,07/01/2022,06/30/2023,Medication Continuation Following Inpatient Psychiatric Discharge,75,07/01/2021,06/30/2023,Patients readmitted to any hospital within 30 days of discharge from the inpatient psychiatric facility (READM-30-IPF),0,14,1,1,07/01/2021,06/30/2023,Influenza immunization (IPFQR-IMM-2),83,10/01/2023,03/31/2024
VA,Hours of physical-restraint use,0.90,13269.75,613547,Hours of seclusion use,0.45,6603.23,613547,Screening for metabolic disorders (SMD),88,Alcohol use brief intervention provided or offered,60,75,Alcohol and other drug use disorder treatment provided or offered at discharge,70,65,Tobacco use treatment provided or offered at discharge,47,26,Transition record with specified elements received by discharged patients (TR1),39,01/01/2023,12/31/2023,Percent of patients receiving follow-up care within 30 days (FAPH-30) or within 7 days (FAPH-7) after psychiatric hospitalization,57.8,33.2,07/01/2022,06/30/2023,Medication Continuation Following Inpatient Psychiatric Discharge,76.4,07/01/2021,06/30/2023,Patients readmitted to any hospital within 30 days of discharge from the inpatient psychiatric facility (READM-30-IPF),4,33,0,0,07/01/2021,06/30/2023,Influenza immunization (IPFQR-IMM-2),81,10/01/2023,03/31/2024
VT,Hours of physical-restraint use,0.59,559.9,39741,Hours of seclusion use,0.46,438.78,39741,Screening for metabolic disorders (SMD),27,Alcohol use brief intervention provided or offered,68,37,Alcohol and other drug use disorder treatment provided or offered at discharge,87,83,Tobacco use treatment provided or offered at discharge,28,0,Transition record with specified elements received by discharged patients (TR1),71,01/01/2023,12/31/2023,Percent of patients receiving follow-up care within 30 days (FAPH-30) or within 7 days (FAPH-7) after psychiatric hospitalization,81.6,55.3,07/01/2022,06/30/2023,Medication Continuation Following Inpatient Psychiatric Discharge,77.7,07/01/2021,06/30/2023,Patients readmitted to any hospital within 30 days of discharge from the inpatient psychiatric facility (READM-30-IPF),0,2,0,1,07/01/2021,06/30/2023,Influenza immunization (IPFQR-IMM-2),40,10/01/2023,03/31/2024
WA,Hours of physical-restraint use,1.01,9995.67,414091,Hours of seclusion use,5.03,49998.44,414091,Screening for metabolic disorders (SMD),76,Alcohol use brief intervention provided or offered,42,66,Alcohol and other drug use disorder treatment provided or offered at discharge,59,40,Tobacco use treatment provided or offered at discharge,41,7,Transition record with specified elements received by discharged patients (TR1),55,01/01/2023,12/31/2023,Percent of patients receiving follow-up care within 30 days (FAPH-30) or within 7 days (FAPH-7) after psychiatric hospitalization,52.8,28.5,07/01/2022,06/30/2023,Medication Continuation Following Inpatient Psychiatric Discharge,77.8,07/01/2021,06/30/2023,Patients readmitted to any hospital within 30 days of discharge from the inpatient psychiatric facility (READM-30-IPF),0,15,3,2,07/01/2021,06/30/2023,Influenza immunization (IPFQR-IMM-2),70,10/01/2023,03/31/2024
WI,Hours of physical-restraint use,0.59,4501.27,318979,Hours of seclusion use,0.99,7606,318979,Screening for metabolic disorders (SMD),65,Alcohol use brief intervention provided or offered,71,75,Alcohol and other drug use disorder treatment provided or offered at discharge,67,57,Tobacco use treatment provided or offered at discharge,37,8,Transition record with specified elements received by discharged patients (TR1),46,01/01/2023,12/31/2023,Percent of patients receiving follow-up care within 30 days (FAPH-30) or within 7 days (FAPH-7) after psychiatric hospitalization,60.1,32,07/01/2022,06/30/2023,Medication Continuation Following Inpatient Psychiatric Discharge,86.7,07/01/2021,06/30/2023,Patients readmitted to any hospital within 30 days of discharge from the inpatient psychiatric facility (READM-30-IPF),0,27,0,1,07/01/2021,06/30/2023,Influenza immunization (IPFQR-IMM-2),71,10/01/2023,03/31/2024
WV,Hours of physical-restraint use,0.20,1189.95,251444,Hours of seclusion use,0.07,406.24,251444,Screening for metabolic disorders (SMD),96,Alcohol use brief intervention provided or offered,67,86,Alcohol and other drug use disorder treatment provided or offered at discharge,84,76,Tobacco use treatment provided or offered at discharge,62,11,Transition record with specified elements received by discharged patients (TR1),74,01/01/2023,12/31/2023,Percent of patients receiving follow-up care within 30 days (FAPH-30) or within 7 days (FAPH-7) after psychiatric hospitalization,62.3,31.9,07/01/2022,06/30/2023,Medication Continuation Following Inpatient Psychiatric Discharge,84.1,07/01/2021,06/30/2023,Patients readmitted to any hospital within 30 days of discharge from the inpatient psychiatric facility (READM-30-IPF),0,12,1,1,07/01/2021,06/30/2023,Influenza immunization (IPFQR-IMM-2),79,10/01/2023,03/31/2024
WY,Hours of physical-restraint use,0.05,34.56,28691,Hours of seclusion use,0.06,41.55,28691,Screening for metabolic disorders (SMD),95,Alcohol use brief intervention provided or offered,88,90,Alcohol and other drug use disorder treatment provided or offered at discharge,74,72,Tobacco use treatment provided or offered at discharge,74,16,Transition record with specified elements received by discharged patients (TR1),88,01/01/2023,12/31/2023,Percent of patients receiving follow-up care within 30 days (FAPH-30) or within 7 days (FAPH-7) after psychiatric hospitalization,49.7,25.7,07/01/2022,06/30/2023,Medication Continuation Following Inpatient Psychiatric Discharge,65.1,07/01/2021,06/30/2023,Patients readmitted to any hospital within 30 days of discharge from the inpatient psychiatric facility (READM-30-IPF),0,4,0,1,07/01/2021,06/30/2023,Influenza immunization (IPFQR-IMM-2),89,10/01/2023,03/31/2024
